City_ID,City,Lat,Lng,Max Temp,Humidity,Cloudiness,Wind Speed,Date
0,carnarvon,-28.2695,98.9508,18.29,64,80,2.98,1691255258
1,akureyri,75.7387,-17.7677,0.73,83,100,3.95,1691255258
2,kulia village,-6.0489,177.7185,28.55,76,47,5.65,1691255258
3,badger,85.9124,-143.0261,-0.96,79,38,2.92,1691255259
4,stanley,-74.0755,-53.5453,-33.02,100,100,2.24,1691255259
5,dudinka,85.9415,85.3577,0.04,99,100,5.04,1691255259
6,olonkinbyen,77.1291,-16.1385,0.93,83,100,5.23,1691255259
7,grytviken,-59.9131,-38.3702,-14.45,91,96,5.48,1691255259
8,port-aux-francais,-89.7287,51.206,-38.77,98,100,7.25,1691255259
9,tazovsky,86.558,76.9309,-0.02,95,100,5.51,1691255260
10,gurupi,-11.535,-50.048,38.46,19,1,1.85,1691255260
11,alotau,-15.9663,154.0876,23.67,69,51,10.47,1691255260
12,adamstown,-65.6396,-139.8481,-6.52,98,88,4.63,1691255260
13,tyre,33.6403,34.025,28.4,70,0,6.18,1691255260
14,rongelap,23.3427,166.1161,26.85,78,69,5.8,1691255260
15,wailua homesteads,36.9272,-175.9619,23.81,78,47,4.01,1691255260
16,iqaluit,62.6352,-78.845,6.9,86,10,2.26,1691255261
17,adamstown,-83.646,-130.5016,-31.26,97,100,7.03,1691255261
18,bargara,-22.6228,153.3937,21.02,66,20,10.87,1691255261
19,georgetown,-15.5568,-16.5892,21.76,76,96,6.97,1691255261
20,bethel,80.7671,-167.5188,-0.97,81,100,3.77,1691255261
21,kapuskasing,59.6292,-86.0137,8.78,84,99,4.61,1691255261
22,hawaiian paradise park,12.0394,-151.9149,26.36,75,70,8.09,1691255261
23,saksaul'skiy,46.7803,60.3952,26.23,48,64,6.37,1691255261
24,mocorito,25.4958,-107.9416,32.35,56,19,1.28,1691255262
25,port-aux-francais,-44.5007,58.8761,6.23,68,85,9.6,1691255263
26,waitangi,-43.7019,-160.422,10.06,85,38,5.92,1691255263
27,hwange,-19.6499,25.8255,16.99,29,0,3.05,1691255263
28,toga village,-4.2773,175.5447,28.64,75,29,4.55,1691255263
29,priozersk,45.1741,74.5145,29.06,22,18,2.07,1691255263
30,badger,85.7023,-135.6382,-1.39,86,35,2.44,1691255263
31,cidreira,-39.2532,-42.5281,10.53,62,98,14.97,1691255264
32,yellowknife,88.7382,-99.5355,-0.57,89,14,4.62,1691255264
33,georgetown,-4.6895,-23.5406,25.41,73,55,6.45,1691255264
34,margaret river,-41.1163,104.0868,10.38,80,13,13.12,1691255264
35,ulsteinvik,71.6731,1.8578,7.71,94,100,8.99,1691255264
36,gadzhiyevo,87.5082,36.57,0.23,87,97,4.56,1691255264
37,talnakh,84.4041,93.7782,0.17,99,100,2.38,1691255264
38,roxas,9.1628,120.1926,28.34,77,8,2.63,1691255264
39,jiazi,21.9623,116.8578,30.73,79,91,11.6,1691255265
40,port elizabeth,-85.226,31.5348,-46.68,98,100,7.53,1691255265
41,atafu village,2.5319,-176.2511,28.59,73,48,5.06,1691255265
42,zouerate,21.6978,-12.9576,41.41,9,0,5.68,1691255266
43,tyukhtet,57.438,89.5832,9.33,79,47,1.78,1691255267
44,duba,27.7773,35.239,31.1,61,0,0.24,1691255267
45,turpan,39.3629,90.8453,25.2,24,0,3.27,1691255267
46,port-aux-francais,-57.078,47.7031,1.37,97,100,18.08,1691255268
47,stephenville,50.0719,-60.5298,17.17,85,97,9.06,1691255268
48,castillos,-36.8734,-50.9509,13.35,50,64,2.72,1691255269
49,broken hill,-31.1466,141.7475,7.97,68,0,6.24,1691255269
50,bethel,49.5818,-168.5533,12.02,98,100,10.75,1691255269
51,puerto natales,-51.9432,-83.299,6.04,92,100,16.58,1691255269
52,waitangi,-52.761,-158.1536,6.3,90,100,2.82,1691255269
53,champerico,6.5642,-96.2514,28.18,74,9,2.38,1691255270
54,port hedland,-19.7929,119.8747,24.02,58,11,6.74,1691255270
55,okhotsk,56.6644,143.5112,13.57,74,100,3.53,1691255270
56,touros,-1.1602,-27.3859,25.42,76,61,6.57,1691255270
57,edinburgh of the seven seas,-72.7176,4.2006,-39.06,64,0,8.44,1691255270
58,waitangi,-69.7897,-177.3539,-15.34,92,12,6.78,1691255270
59,'ohonua,-24.3639,-173.9165,17.16,82,100,8.89,1691255271
60,port shepstone,-31.4672,31.7439,20.65,77,27,11.18,1691255271
61,taiohae,-14.9419,-137.1104,24.65,70,44,3.43,1691255271
62,ilulissat,85.0554,-38.8354,0.41,94,21,3.46,1691255271
63,al-hamdaniya,36.4,43.2754,38.52,12,0,3.95,1691255271
64,isafjordur,74.3617,-21.0752,4.4,47,73,0.92,1691255271
65,orito,0.5868,-76.9794,21.53,87,99,1.82,1691255271
66,waitangi,-76.4831,-139.5439,-31.12,99,100,2.7,1691255272
67,iskateley,82.1491,55.0933,1.42,99,100,5.01,1691255272
68,afaahiti,-24.04,-146.7518,21.35,71,87,9.37,1691255272
69,port-aux-francais,-63.5951,53.2205,-6.58,96,100,5.28,1691255272
70,iqaluit,77.8572,-81.3118,-0.78,86,95,0.49,1691255272
71,margaret river,-45.3818,97.0768,6.69,77,45,16.09,1691255272
72,port-aux-francais,-67.7931,68.6701,-39.82,77,0,0.99,1691255272
73,hithadhoo,-10.4494,71.6464,25.56,82,99,8.61,1691255272
74,bryne,56.6752,3.3019,14.0,62,75,8.75,1691255273
75,holualoa,5.3407,-157.4807,27.26,81,99,3.76,1691255273
76,cockburn town,22.2912,-67.8187,29.18,81,1,8.67,1691255273
77,iron river,45.9366,-88.908,23.07,44,81,1.38,1691255273
78,grytviken,-80.7221,-25.2085,-22.7,72,100,3.56,1691255273
79,grytviken,-73.9889,-32.2784,-28.09,99,95,3.61,1691255273
80,isafjordur,76.1364,-22.8393,1.59,75,20,3.9,1691255273
81,ruteng,-8.0356,121.1242,26.94,76,24,5.17,1691255274
82,westport,56.2919,-12.7879,14.36,83,29,7.09,1691255274
83,shingu,30.4774,137.9129,26.84,86,100,9.73,1691255274
84,baglung,29.7143,83.7442,10.68,69,99,2.47,1691255274
85,port glaud,-5.3018,52.9653,25.22,85,7,9.19,1691255274
86,sisimiut,62.8755,-57.6395,7.52,80,19,2.67,1691255274
87,keyser,39.3828,-78.7558,30.36,33,99,1.63,1691255274
88,adamstown,-52.2046,-122.6744,4.48,77,100,5.62,1691255275
89,colonia,9.9868,137.3013,27.32,80,100,4.85,1691255275
90,molina,-35.1223,-71.2769,11.82,87,100,2.06,1691255275
91,malango,-17.0389,156.4033,23.1,73,11,10.75,1691255275
92,katsuura,30.6001,143.1983,26.96,78,100,7.5,1691255275
93,loralai,30.3889,68.8533,31.03,43,13,5.12,1691255275
94,guantanamo,19.7736,-74.9431,33.11,73,1,6.21,1691255275
95,quellon,-47.0057,-82.7368,6.43,75,100,10.04,1691255275
96,petropavlovsk-kamchatsky,42.9837,176.0741,17.87,98,50,8.38,1691255276
97,chibougamau,56.543,-74.1558,21.68,28,58,7.54,1691255276
98,adamstown,-68.5516,-138.934,-21.03,100,81,2.31,1691255276
99,badger,79.2746,-140.1196,0.24,97,100,9.15,1691255276
100,trancas,-26.3007,-64.739,26.89,32,0,5.67,1691255276
101,riyadh,24.4514,46.2918,36.26,10,15,3.99,1691255276
102,edinburgh of the seven seas,-26.5296,-20.2554,21.12,79,20,8.09,1691255276
103,nogliki,51.6272,147.9782,12.75,90,81,3.29,1691255277
104,port-aux-francais,-43.5842,89.6654,7.74,56,96,6.61,1691255277
105,thompson,55.2153,-94.2403,23.85,49,44,4.55,1691255277
106,ribeira grande,41.3382,-32.0415,24.08,79,75,4.27,1691255277
107,hammerfest,76.1756,24.3284,4.91,99,100,5.45,1691255277
108,st. john's,48.5391,-47.9186,14.95,84,96,5.72,1691255277
109,waitangi,-67.6123,-169.8221,-1.16,95,100,13.83,1691255277
110,adamstown,-76.5707,-124.7903,-40.63,100,97,4.21,1691255277
111,grytviken,-86.9537,-12.5541,-33.92,97,100,9.78,1691255278
112,badger,87.8685,-142.7719,-0.06,97,100,5.94,1691255278
113,blackmans bay,-47.9362,150.0807,7.11,67,46,11.03,1691255278
114,qaqortoq,54.9448,-47.5366,11.18,90,19,4.37,1691255278
115,port alfred,-40.3832,30.7273,16.9,83,58,8.31,1691255278
116,lompoc,23.7271,-128.3122,20.65,86,12,9.08,1691255278
117,neiafu,-17.8252,-175.9497,24.29,87,100,3.32,1691255279
118,thompson,64.956,-87.8687,23.68,34,68,6.75,1691255279
119,port blair,9.6917,91.0538,28.14,83,74,8.24,1691255280
120,kataragama,0.0218,87.4937,28.33,80,95,5.82,1691255280
121,kourou,19.147,-43.8067,26.9,86,25,8.96,1691255280
122,qeshm,26.9593,55.992,33.04,78,43,5.98,1691255280
123,wailua homesteads,28.4468,-166.9486,24.45,73,1,7.46,1691255280
124,tazovsky,70.2683,75.3833,18.22,65,11,2.48,1691255280
125,edinburgh of the seven seas,-44.4941,-22.4007,6.86,85,100,16.44,1691255280
126,port mathurin,-25.6284,71.7571,18.89,66,47,7.18,1691255281
127,coquimbo,-27.1668,-77.9772,16.44,68,92,4.54,1691255281
128,fort st. john,61.9098,-124.5453,18.86,63,53,0.73,1691255281
129,ushuaia,-89.4447,-77.8667,-41.02,100,100,3.7,1691255281
130,natal,-2.077,-24.4909,24.89,75,38,5.1,1691255281
131,st. john's,47.6637,-39.8951,19.57,95,100,4.23,1691255281
132,znamenskoye,58.897,73.7078,17.74,65,85,3.73,1691255281
133,stanley,-57.292,-57.9737,-1.67,88,100,9.44,1691255282
134,taiohae,-3.4218,-131.5899,25.97,77,91,5.06,1691255282
135,puerto natales,-67.7089,-102.367,-8.91,92,100,12.48,1691255282
136,port-aux-francais,-76.9381,72.878,-55.01,74,12,11.48,1691255282
137,xiuyan,40.0865,123.6254,19.09,79,43,3.8,1691255282
138,ust'-kulom,62.2895,53.9218,17.01,96,100,1.59,1691255282
139,margaret river,-44.6072,98.0168,8.08,64,99,16.34,1691255283
140,howrah,-44.1946,154.3625,11.53,84,29,9.74,1691255283
141,yellowknife,81.745,-109.3652,0.04,95,100,4.57,1691255283
142,haiku-pauwela,34.3837,-146.6882,21.97,83,100,1.86,1691255283
143,west island,-20.934,92.225,21.01,74,80,5.9,1691255283
144,yellowknife,82.9841,-113.022,0.04,96,100,3.93,1691255283
145,ytyk-kyuyel',66.4639,133.8439,8.29,96,85,2.76,1691255284
146,ribeira grande,42.0536,-30.6079,23.67,77,23,3.56,1691255284
147,olonkinbyen,72.2179,-8.6184,3.36,92,100,11.43,1691255284
148,bethel,88.3196,-170.0982,-0.77,91,49,5.85,1691255284
149,st. john's,43.8803,-49.113,15.61,88,100,3.21,1691255284
150,antonio enes,-17.8947,41.0907,24.27,76,6,5.84,1691255285
151,anadyr,63.4165,175.2385,9.02,98,100,10.99,1691255285
152,ushuaia,-77.3737,-83.3867,-18.26,72,100,5.55,1691255285
153,taiohae,-13.5065,-133.4437,24.61,71,8,3.86,1691255285
154,edinburgh of the seven seas,-33.6669,-15.5358,16.22,72,28,13.6,1691255285
155,bredasdorp,-61.887,22.3048,-0.44,85,100,16.93,1691255285
156,port-aux-francais,-60.7857,62.0633,-4.85,78,99,8.55,1691255286
157,west island,-11.2697,84.7341,25.82,76,78,8.66,1691255286
158,mkokotoni,-5.8214,39.1979,24.45,80,28,4.75,1691255286
159,port-aux-francais,-41.4082,66.9155,10.72,60,78,10.97,1691255287
160,st. john's,50.2516,-44.2678,16.11,81,5,7.61,1691255288
161,margaret river,-36.5117,104.6521,13.23,94,17,8.73,1691255288
162,ancud,-40.4974,-77.8425,8.84,71,100,6.08,1691255288
163,longyearbyen,86.3857,26.0706,-0.27,93,100,8.32,1691255288
164,fisterra,43.5798,-16.4967,20.24,92,98,4.9,1691255288
165,sitka,49.3319,-144.0157,14.94,84,97,5.09,1691255288
166,harnai,17.2506,71.4765,27.23,84,100,8.69,1691255289
167,merritt,50.5335,-121.1927,22.8,29,99,1.84,1691255289
168,winslow,34.7521,-110.8943,30.05,19,0,2.06,1691255289
169,edinburgh of the seven seas,-53.4009,4.7463,-0.38,94,100,19.53,1691255289
170,talnakh,86.1341,87.7806,0.14,98,100,4.83,1691255289
171,cabo san lucas,21.9483,-110.5858,28.22,70,49,3.48,1691255289
172,waitangi,-65.269,-169.6564,0.03,97,100,11.87,1691255290
173,taiohae,-9.8646,-125.8003,25.94,75,100,5.06,1691255290
174,horta,44.4646,-29.2447,22.46,92,2,3.68,1691255290
175,waitangi,-68.7511,-152.7474,-5.96,90,100,7.89,1691255290
176,grytviken,-89.4187,-25.7539,-38.11,98,100,6.05,1691255290
177,port-aux-francais,-69.9771,72.7477,-42.9,56,2,1.84,1691255291
178,'ohonua,-26.9763,-176.6514,17.82,67,100,6.88,1691255291
179,anadyr,59.3872,177.066,8.52,96,100,11.67,1691255291
180,adamstown,-36.2358,-142.6219,12.97,80,98,6.24,1691255291
181,prilep,41.3255,21.517,19.77,85,76,2.74,1691255291
182,longyearbyen,77.3292,7.4342,8.73,95,100,3.57,1691255291
183,port mathurin,-26.0677,72.9169,19.19,62,64,6.73,1691255292
184,grytviken,-65.496,-34.7528,-28.56,100,59,3.06,1691255292
185,crane,21.7869,-45.5653,26.75,79,87,9.05,1691255292
186,udachny,79.4583,107.4351,0.31,91,46,1.79,1691255293
187,chonchi,-43.9118,-101.5444,8.82,88,100,13.41,1691255293
188,carnarvon,-19.184,108.2846,21.15,75,1,7.04,1691255293
189,sisimiut,67.0447,-59.0863,0.7,93,19,4.41,1691255293
190,invercargill,-85.4975,157.0554,-47.58,96,100,5.54,1691255293
191,waitangi,-40.9711,-177.1226,9.61,67,100,13.58,1691255293
192,chonchi,-48.9354,-92.9654,6.54,86,100,12.85,1691255293
193,salihli,38.4016,28.1127,24.28,36,0,3.28,1691255294
194,iqaluit,84.7763,-75.1452,0.33,92,75,5.13,1691255295
195,belyy yar,60.7244,84.2878,12.97,66,9,2.13,1691255295
196,iqaluit,70.9243,-85.3743,12.82,49,69,7.02,1691255295
197,tilcara,-23.7196,-67.0427,7.56,13,0,4.34,1691255295
198,puerto natales,-87.8483,-118.0907,-47.8,100,100,4.07,1691255296
199,papatowai,-51.5305,173.012,6.84,81,100,11.21,1691255296
200,kodiak,49.2626,-158.7547,11.92,98,100,8.9,1691255296
201,edinburgh of the seven seas,-44.3903,-3.9739,8.15,72,28,10.22,1691255296
202,puerto baquerizo moreno,-1.8527,-85.7557,24.0,80,98,6.52,1691255296
203,mszczonow,51.9463,20.5951,19.53,93,100,4.77,1691255297
204,port-aux-francais,-33.5901,79.5593,15.3,83,17,14.41,1691255297
205,lebu,-31.007,-88.3151,16.63,78,21,7.07,1691255297
206,margaret river,-43.8172,109.3484,9.44,77,25,14.24,1691255297
207,iqaluit,76.1079,-75.8137,2.08,97,100,9.79,1691255297
208,ayancik,42.8638,34.4798,25.57,81,0,10.42,1691255298
209,shuangcheng,45.0019,126.2171,16.29,94,100,1.6,1691255298
210,new norfolk,-58.789,129.8964,1.85,89,100,16.62,1691255298
211,parras de la fuente,25.9569,-101.7699,29.75,28,12,1.94,1691255298
212,ushuaia,-80.6645,-57.0617,-32.05,100,96,3.16,1691255298
213,lhasa,29.1019,92.7423,10.0,98,100,2.99,1691255299
214,waitangi,-62.1091,-179.153,2.11,94,100,10.52,1691255299
215,afaahiti,-31.7753,-146.6085,16.25,73,90,13.07,1691255299
216,tiksi,78.351,130.0914,-0.04,92,100,3.65,1691255299
217,puerto natales,-74.9318,-116.718,-22.28,62,19,9.54,1691255299
218,mount gambier,-47.2694,132.2664,9.22,94,100,9.45,1691255299
219,longyearbyen,77.0449,17.1111,6.87,100,100,0.37,1691255300
220,waldmunchen,49.3828,12.6893,17.58,96,100,2.3,1691255300
221,chonchi,-47.8971,-94.9983,6.84,85,100,12.56,1691255300
222,nagqu,34.9427,94.138,0.47,88,52,2.02,1691255300
223,vorkuta,80.6266,70.0429,0.83,99,100,5.28,1691255300
224,bilibino,89.5222,156.0161,-0.96,91,15,3.88,1691255300
225,kangding,32.5065,100.3539,6.11,94,100,2.1,1691255301
226,port-aux-francais,-51.7767,86.742,1.42,66,100,13.83,1691255301
227,yellowknife,65.5765,-118.7948,13.69,60,74,1.68,1691255301
228,alice springs,-21.1193,130.8778,18.01,45,0,7.88,1691255301
229,ribeira grande,23.669,-28.627,24.7,76,88,7.51,1691255301
230,blackmans bay,-61.8358,141.951,-1.03,84,80,10.1,1691255301
231,fale old settlement,-10.0322,-170.1207,27.88,78,30,5.97,1691255302
232,wailua homesteads,22.2964,-179.0027,26.66,78,100,8.22,1691255303
233,port elizabeth,-73.9131,30.7814,-50.06,61,0,12.09,1691255303
234,gering,41.0643,-103.8935,24.63,37,0,7.93,1691255303
235,port mathurin,-24.0684,70.4575,20.21,64,1,8.71,1691255303
236,tiksi,85.4699,124.2429,-2.96,93,56,1.69,1691255303
237,keflavik,55.6823,-27.6426,12.14,77,71,8.0,1691255303
238,puerto ayora,2.842,-103.6009,26.08,83,100,4.94,1691255304
239,kapa'a,29.1621,-157.3857,24.84,78,94,4.61,1691255304
240,ashburton,-44.9805,172.6523,8.04,82,72,7.53,1691255304
241,waitangi,-86.829,-159.673,-41.55,95,100,6.41,1691255304
242,stanley,-83.6561,-51.508,-25.63,100,100,1.13,1691255304
243,wailua homesteads,35.0526,-170.7091,23.62,79,53,5.5,1691255304
244,puerto natales,-70.6647,-92.7451,-10.2,93,100,11.3,1691255305
245,badger,86.3809,-140.2063,-1.2,85,84,2.95,1691255305
246,hawaiian paradise park,23.4211,-137.1111,21.8,86,23,8.52,1691255305
247,ziro,27.8925,93.6137,17.84,100,100,0.52,1691255305
248,kodiak,55.8919,-157.6472,11.98,87,100,12.48,1691255305
249,grytviken,-77.6698,-14.3412,-33.89,73,5,4.74,1691255305
250,port-aux-francais,-57.5805,80.1932,-1.9,82,100,10.72,1691255305
251,san antonio de pale,-3.2632,3.5658,22.82,81,4,4.17,1691255305
252,farafangana,-23.5155,51.485,21.34,67,71,9.78,1691255306
253,edinburgh of the seven seas,-62.8329,4.38,-11.01,93,100,4.72,1691255306
254,stanley,-45.4362,-51.1064,7.44,64,100,11.87,1691255306
255,edinburgh of the seven seas,-30.0776,-3.4721,17.11,75,46,1.26,1691255306
256,port alfred,-49.6111,33.776,5.6,94,100,14.23,1691255306
257,stanley,-74.9178,-52.312,-33.68,100,100,2.97,1691255306
258,lihue,13.9457,-163.6108,25.77,76,33,8.37,1691255306
259,porto seguro,-16.8355,-38.5047,24.03,61,9,0.86,1691255307
260,masterton,-44.0905,177.3528,7.68,59,100,1.52,1691255307
261,hermanus,-73.6698,13.8399,-51.26,88,12,6.75,1691255307
262,georgetown,-10.8236,-23.8252,25.01,75,9,6.39,1691255307
263,ushuaia,-87.8097,-85.7981,-44.26,100,100,3.65,1691255307
264,college,75.9056,-147.4478,0.64,97,100,8.21,1691255307
265,tranovaho,-26.8773,43.9668,20.64,75,18,12.73,1691255307
266,utrik,28.4483,172.8649,26.23,78,91,5.46,1691255308
267,port-aux-francais,-56.8702,52.3585,0.34,97,100,15.3,1691255308
268,port-aux-francais,-42.1421,55.8364,9.44,82,82,7.04,1691255308
269,adamstown,-23.3305,-140.2663,22.75,88,38,7.41,1691255308
270,port-aux-francais,-49.5231,93.2253,2.61,76,100,8.62,1691255308
271,port alfred,-54.5913,34.3373,2.4,96,100,14.05,1691255308
272,isangel,-23.8834,173.673,18.58,81,100,12.48,1691255308
273,coruripe,-11.1857,-35.0372,25.55,71,84,7.05,1691255308
274,edinburgh of the seven seas,-44.1448,-19.1256,8.68,80,100,15.08,1691255309
275,ostroh,50.2122,26.4817,26.46,59,1,3.86,1691255309
276,adamstown,-54.4708,-117.999,3.57,97,100,14.89,1691255309
277,grytviken,-73.1103,-29.2759,-32.78,100,78,2.43,1691255309
278,wellington,40.7643,-105.1358,25.5,56,0,1.06,1691255309
279,inekar,16.4798,3.4253,39.9,25,60,5.7,1691255309
280,ancud,-40.7236,-95.479,9.95,79,100,6.91,1691255310
281,dokuchayevs'k,47.8462,37.6167,30.04,39,0,5.42,1691255310
282,margaret river,-51.1726,107.1583,0.62,97,100,16.3,1691255310
283,santa rosa de rio primero,-30.9298,-63.337,21.91,42,0,3.41,1691255310
284,bredasdorp,-37.7375,20.4409,16.97,74,100,13.48,1691255310
285,puerto natales,-77.6495,-106.788,-29.93,97,100,4.6,1691255310
286,invercargill,-76.3019,155.2244,-38.34,79,25,10.4,1691255310
287,touros,2.08,-30.8998,26.27,78,22,7.5,1691255310
288,adamstown,-79.5742,-130.8193,-34.79,98,100,5.52,1691255311
289,kodiak,54.595,-151.7453,13.32,88,17,1.69,1691255311
290,waitangi,-53.3038,-177.25,5.74,80,100,3.72,1691255311
291,kolonia town,9.3303,158.0713,28.66,78,100,5.9,1691255311
292,port-aux-francais,-71.5346,83.4794,-57.17,100,80,6.26,1691255311
293,port saint john's,-39.6538,36.1875,17.62,87,5,10.94,1691255311
294,blackmans bay,-64.1794,130.7774,-0.17,97,100,11.39,1691255311
295,stanley,-87.0771,-51.3976,-33.33,99,100,5.97,1691255312
296,avarua,-30.7484,-156.2847,16.28,64,88,9.43,1691255312
297,wicklow,52.9685,-6.2169,15.5,86,81,4.1,1691255312
298,haiku-pauwela,30.2205,-148.1773,23.6,76,30,6.16,1691255312
299,grytviken,-54.7258,-43.2471,-3.75,62,100,15.61,1691255312
300,waitangi,-89.6988,-173.1019,-44.08,100,100,2.34,1691255312
301,port augusta,-26.7866,138.8017,15.6,49,4,7.14,1691255312
302,thunder bay,50.0559,-86.1934,24.67,43,6,2.43,1691255313
303,west island,-16.5511,92.1934,23.0,75,100,7.97,1691255313
304,lucas,-16.9622,-56.3055,39.68,14,4,1.08,1691255313
305,grytviken,-57.5115,-26.6638,-6.83,94,99,5.82,1691255313
306,bethel,43.747,-168.2714,16.61,98,100,7.22,1691255313
307,al bardiyah,32.8036,25.5249,27.74,77,0,4.59,1691255313
308,iqaluit,75.9061,-69.9958,2.71,96,100,16.64,1691255313
309,adamstown,-65.4987,-117.1275,-8.66,91,100,7.72,1691255314
310,kindu,-1.8396,26.0364,27.12,55,78,0.9,1691255314
311,albany,-85.6855,117.6925,-47.19,96,100,7.5,1691255314
312,bandarbeyla,7.1942,55.9501,25.41,90,43,8.63,1691255314
313,isafjordur,66.3965,-22.1693,9.79,75,28,4.82,1691255314
314,vadso,89.1042,34.3368,-0.03,86,12,2.81,1691255314
315,gadzhiyevo,88.9298,39.4836,0.14,86,15,2.29,1691255314
316,iskateley,71.3992,54.5292,13.31,73,50,6.76,1691255314
317,waitangi,-48.5726,-163.7608,9.81,75,100,4.86,1691255315
318,afaahiti,-24.8512,-142.3441,22.43,88,96,12.65,1691255315
319,yellowknife,87.765,-111.9072,-0.17,95,98,5.55,1691255315
320,hilo,25.5149,-149.6882,23.34,70,79,4.86,1691255315
321,alfaro,42.1948,-1.8251,29.23,26,0,9.57,1691255315
322,longyearbyen,80.0482,8.3846,2.33,97,100,6.33,1691255315
323,midland,31.8017,-101.9167,37.42,25,0,7.65,1691255315
324,west island,-21.4139,94.7402,20.84,74,69,7.56,1691255315
325,la jolla,32.9061,-117.3143,29.22,79,0,2.68,1691255316
326,ilovlya,49.3406,44.2454,29.55,36,4,4.13,1691255316
327,iskateley,77.6562,53.8572,6.58,84,1,6.29,1691255316
328,edinburgh of the seven seas,-45.7004,-18.4115,7.99,83,100,13.04,1691255316
329,qaqortoq,54.9595,-49.6058,11.61,91,51,4.14,1691255316
330,port-aux-francais,-59.8606,90.0167,-3.83,72,100,4.38,1691255316
331,invercargill,-53.5259,159.002,3.12,97,100,16.41,1691255316
332,constantia,-44.2557,4.1877,7.33,71,16,12.89,1691255317
333,vilyuysk,68.2824,123.2785,11.44,61,4,5.98,1691255317
334,bria,6.7534,23.569,22.08,91,96,1.24,1691255317
335,hasaki,30.3967,153.3381,26.98,82,93,9.13,1691255317
336,rawson,-43.7647,-64.8559,9.69,58,1,2.18,1691255318
337,ushuaia,-82.6263,-85.6643,-35.2,80,67,7.07,1691255318
338,port-aux-francais,-67.5931,42.4608,-22.32,85,100,11.63,1691255318
339,det udom,14.7809,105.2467,24.75,85,100,2.99,1691255318
340,sishilichengzi,38.6417,88.9214,15.58,31,0,0.91,1691255319
341,bubaque,9.2228,-17.7699,26.87,82,55,4.78,1691255319
342,keflavik,57.4268,-31.597,11.47,86,86,10.55,1691255319
343,kununurra,-19.408,127.7016,20.4,37,0,6.21,1691255319
344,invercargill,-80.3455,163.9988,-41.4,90,35,2.78,1691255319
345,waitangi,-87.5605,-179.7296,-46.53,99,100,5.23,1691255319
346,adamstown,-58.0048,-120.1485,1.73,69,100,10.64,1691255319
347,maceio,-12.3869,-32.7496,24.78,76,2,6.24,1691255320
348,pueblo nuevo,-5.5832,-79.6871,28.55,46,10,1.88,1691255320
349,hwange,-18.884,26.8085,16.46,34,0,1.62,1691255320
350,hasaki,28.3759,153.6537,27.51,80,100,10.12,1691255320
351,klyuchi,45.163,174.3333,14.73,99,100,11.66,1691255320
352,uglegorsk,49.3853,141.5494,14.98,83,100,2.73,1691255320
353,fale old settlement,-4.0682,-163.8829,27.46,72,55,2.56,1691255320
354,avarua,-34.9065,-160.2042,14.25,74,38,11.68,1691255321
355,kayangel,8.3593,136.4765,26.67,75,100,5.03,1691255321
356,stanley,-82.5459,-52.7955,-24.75,100,100,2.36,1691255321
357,enriquillo,16.3177,-71.8555,28.61,84,16,9.02,1691255321
358,port-aux-francais,-72.9693,63.9304,-42.22,59,0,10.01,1691255321
359,sisimiut,68.8076,-58.8411,3.37,88,27,4.76,1691255321
360,west bay,19.7146,-82.4338,30.2,70,3,5.02,1691255321
361,turkmenbasy,41.5852,53.0276,30.42,47,52,3.29,1691255321
362,puerto natales,-71.3535,-95.8032,-7.16,93,100,10.34,1691255322
363,grytviken,-49.7566,-37.8663,0.39,79,100,18.97,1691255322
364,blackmans bay,-80.0044,144.5781,-49.87,75,9,9.0,1691255322
365,puerto ayora,-3.2933,-92.2415,24.32,78,84,7.76,1691255322
366,lebu,-30.5205,-101.5076,15.34,64,94,8.95,1691255322
367,iqaluit,63.0657,-62.3573,6.13,88,13,2.19,1691255322
368,keflavik,64.3554,-24.6672,11.97,89,87,5.78,1691255322
369,santana,37.1405,-14.6973,21.88,76,0,10.28,1691255323
370,gogrial,8.4481,28.92,22.77,96,94,1.68,1691255323
371,st. john's,49.6672,-47.7068,16.32,76,93,5.3,1691255323
372,chonchi,-49.6419,-101.5957,6.51,89,5,3.79,1691255323
373,qaqortoq,63.4575,-43.004,-3.31,72,3,8.66,1691255323
374,avarua,-15.7686,-161.0304,26.65,76,16,5.85,1691255323
375,udachny,81.5557,112.0745,0.54,97,100,4.46,1691255323
376,mata-utu,-9.8013,-177.9476,28.1,73,38,5.28,1691255323
377,tolanaro,-39.7416,53.3809,15.59,80,99,6.82,1691255324
378,north bend,43.5022,-126.6725,19.48,93,0,5.35,1691255324
379,vilyuchinsk,46.7105,155.4505,11.02,93,100,2.65,1691255324
380,edinburgh of the seven seas,-27.3007,-24.1883,19.5,85,28,8.15,1691255324
381,college,78.3837,-153.6022,-0.62,98,100,3.32,1691255324
382,papatowai,-80.7491,164.3595,-42.56,100,59,1.84,1691255324
383,hawaiian paradise park,3.2291,-152.3666,27.0,77,5,2.89,1691255324
384,iskateley,85.8681,50.2542,0.13,99,100,7.65,1691255324
385,college,78.1667,-148.7134,0.3,98,100,7.19,1691255325
386,yellowknife,69.7674,-117.4421,4.38,92,75,4.22,1691255325
387,waitangi,-83.9907,-171.1733,-27.13,90,91,7.7,1691255325
388,nar'yan-mar,86.4703,46.9767,-0.3,98,100,8.26,1691255325
389,kapuskasing,50.6262,-85.7941,25.45,38,13,2.42,1691255325
390,west island,-9.6424,85.6968,26.04,85,13,9.05,1691255325
391,kuanda,54.8089,116.1093,15.34,60,100,1.63,1691255326
392,waitangi,-50.3047,-168.3779,5.68,84,100,12.9,1691255326
393,grytviken,-54.1809,-26.8998,-1.9,96,100,10.54,1691255326
394,talnakh,83.1804,89.3418,0.36,99,100,4.48,1691255326
395,codrington,18.9501,-57.9382,28.44,84,8,9.69,1691255326
396,hermanus,-48.0274,14.0739,5.45,83,79,15.17,1691255326
397,shahrud,36.4331,55.8384,28.78,46,5,5.38,1691255326
398,adamstown,-14.1299,-115.3407,23.69,68,100,3.57,1691255327
399,iqaluit,85.3983,-74.2946,0.17,92,48,4.85,1691255327
400,port-aux-francais,-89.6519,43.7592,-38.71,98,100,7.24,1691255327
401,kharp,66.3557,65.1495,19.94,67,0,3.61,1691255327
402,waitangi,-79.1431,-175.8644,-42.43,100,100,3.0,1691255327
403,mana,9.911,-53.5905,28.61,71,17,1.96,1691255327
404,ribeira grande,49.9339,-31.9739,15.36,96,100,10.43,1691255327
405,blackmans bay,-71.3839,137.7761,-36.96,99,91,5.33,1691255327
406,susuman,69.7062,151.0888,3.87,93,100,4.04,1691255328
407,puerto san carlos,10.4405,-127.6386,26.34,89,100,5.54,1691255328
408,hithadhoo,-0.8722,68.1062,27.58,71,100,0.81,1691255328
409,mukalla,15.8276,48.5187,32.34,39,75,8.05,1691255328
410,boguchany,60.8521,96.5704,8.73,99,100,1.49,1691255328
411,dembi dolo,8.9253,34.56,14.66,95,100,1.08,1691255328
412,bilibino,63.0517,169.8806,7.38,98,100,6.12,1691255328
413,hadibu,10.3158,60.7134,26.44,85,85,10.31,1691255328
414,siem reap,13.0643,104.2596,26.45,75,93,3.13,1691255329
415,taiohae,5.858,-128.373,27.51,74,99,6.83,1691255329
416,camacupa,-12.1276,18.069,19.59,25,0,1.68,1691255329
417,adamstown,-85.8576,-124.552,-44.39,93,100,3.18,1691255329
418,salinopolis,6.9568,-44.1034,28.29,73,80,4.23,1691255329
419,margaret river,-50.5934,110.012,3.14,91,96,12.79,1691255329
420,kununurra,-14.7004,129.7663,21.52,41,5,3.33,1691255329
421,codrington,19.595,-59.0234,28.2,83,12,9.38,1691255330
422,kokopo,-5.8983,152.4236,26.73,69,100,8.64,1691255330
423,alaghsas,17.9237,6.9056,39.4,21,59,2.01,1691255330
424,adamstown,-74.6656,-128.7277,-32.25,98,83,0.97,1691255330
425,papatowai,-49.7449,168.6774,8.57,91,100,14.53,1691255330
426,grytviken,-48.3245,-45.7503,3.45,60,100,15.34,1691255330
427,edinburgh of the seven seas,-32.5133,-4.865,15.83,74,12,4.68,1691255330
428,kargopol',61.0782,39.1425,19.4,74,52,2.01,1691255330
429,caconda,-13.5246,14.4491,23.08,14,0,2.76,1691255331
430,adamstown,-22.2337,-118.3397,20.64,68,88,5.78,1691255331
431,blackmans bay,-89.0405,134.485,-42.83,100,100,4.79,1691255331
432,edinburgh of the seven seas,-38.4106,-19.7731,12.62,78,85,17.54,1691255331
433,port-aux-francais,-65.2,90.1796,-40.83,100,100,1.84,1691255331
434,egilsstadir,62.0034,-12.881,13.38,71,88,1.16,1691255331
435,albany,-73.7929,119.3167,-47.61,100,100,4.48,1691255331
436,longyearbyen,87.5328,13.0284,0.35,90,55,3.69,1691255331
437,ilulissat,81.7371,-53.0335,-0.27,94,64,0.5,1691255332
438,margaret river,-52.786,100.4955,-0.59,77,97,7.39,1691255332
439,manali,32.198,77.5579,-0.16,86,61,0.63,1691255332
440,bilibino,76.9874,164.7989,-1.34,89,100,6.69,1691255332
441,mincivan,39.0385,46.9631,26.68,42,9,1.87,1691255332
442,tra mhor,51.2134,-7.1184,16.55,75,11,10.16,1691255332
443,port-aux-francais,-70.1415,53.2788,-53.24,72,0,6.06,1691255332
444,bukama,-9.4474,26.9877,24.04,34,0,1.69,1691255333
445,fort bragg,35.7624,-130.9146,21.4,78,1,3.76,1691255333
446,ushuaia,-77.1463,-83.0037,-19.64,75,100,5.3,1691255333
447,bilibino,70.6352,160.3687,1.7,97,100,5.3,1691255333
448,grytviken,-83.0449,-28.2185,-25.52,98,100,7.75,1691255333
449,port-aux-francais,-63.2211,99.239,-36.26,100,100,2.05,1691255333
450,albany,-50.9668,116.4532,5.42,92,100,15.5,1691255333
451,yellowknife,75.5602,-121.0415,-0.27,96,100,3.91,1691255333
452,port alfred,-57.7145,38.73,0.46,97,100,12.33,1691255334
453,lata,-6.6967,169.5117,28.53,73,22,2.32,1691255334
454,turpan,42.0301,90.2252,28.87,20,1,5.69,1691255334
455,grytviken,-52.6245,-34.6907,-1.45,67,100,13.97,1691255334
456,petropavlovsk-kamchatsky,41.9135,177.2133,18.47,98,46,7.25,1691255334
457,laguna de perlas,12.5248,-83.528,28.31,79,4,6.29,1691255334
458,talnakh,89.9927,92.6881,-0.96,91,14,3.68,1691255334
459,bochum,-23.0724,28.3344,14.93,37,0,3.28,1691255335
460,port-aux-francais,-76.954,35.7895,-60.34,100,73,6.51,1691255335
461,crane,19.2256,-49.503,27.26,80,91,8.44,1691255335
462,yaren,-5.463,165.3254,28.6,75,7,4.61,1691255335
463,gwadar,21.7951,62.9638,26.02,84,100,11.13,1691255335
464,invercargill,-80.7699,161.737,-39.13,64,80,0.49,1691255335
465,tazacorte,27.8239,-27.6964,26.34,67,48,3.21,1691255336
466,port-aux-francais,-73.1587,77.8661,-54.95,98,48,7.29,1691255336
467,juruti,-2.6793,-55.9973,37.73,28,11,1.97,1691255336
468,fort madison,40.5676,-91.3784,25.44,88,100,3.09,1691255336
469,parintins,-3.181,-56.0934,38.04,27,6,1.71,1691255336
470,whitehorse,62.3785,-132.2042,18.82,50,17,1.02,1691255336
471,dali,26.2073,100.7201,19.25,95,100,0.69,1691255337
472,happy valley-goose bay,60.0324,-59.4098,7.78,93,12,4.58,1691255337
473,talnakh,82.0466,95.9594,0.14,98,100,6.43,1691255337
474,hithadhoo,-7.952,75.8512,26.47,83,64,7.22,1691255337
475,blackmans bay,-62.9175,142.1126,-2.46,80,44,7.34,1691255337
476,dayapar,23.8776,68.8969,28.5,80,100,8.76,1691255337
477,kone,-17.2893,159.0661,23.48,70,10,10.58,1691255337
478,hermanus,-48.73,15.4979,3.97,89,82,11.16,1691255338
479,kodiak,53.2601,-149.8863,12.69,90,52,1.71,1691255339
480,taiohae,2.2097,-149.861,27.31,77,53,4.58,1691255339
481,puerto baquerizo moreno,-4.986,-86.979,23.64,74,47,6.86,1691255339
482,east london,-52.8057,40.2032,2.58,98,100,14.99,1691255339
483,jamestown,-19.2345,-10.6857,19.64,64,24,3.55,1691255339
484,minab,27.5724,57.032,30.76,56,12,3.71,1691255339
485,al ghayzah,15.7506,50.8001,24.79,61,41,4.89,1691255339
486,sernur,57.2077,48.9961,21.02,73,0,3.54,1691255340
487,udachny,80.661,114.3138,0.12,94,99,3.79,1691255340
488,papatowai,-86.7195,177.0757,-46.52,100,100,5.56,1691255340
489,crane,21.0865,-43.4208,26.69,82,99,9.47,1691255340
490,guerrero negro,27.4575,-114.1582,26.96,36,34,2.65,1691255340
491,thompson,65.7503,-87.0011,21.53,40,72,3.49,1691255340
492,baluntaicun,43.3571,86.5804,15.12,63,7,2.17,1691255340
493,port-aux-francais,-83.9249,34.6995,-48.82,97,100,5.82,1691255341
494,hermanus,-45.8067,14.3955,6.81,83,50,15.02,1691255341
495,fuvahmulah,-4.0079,77.1525,27.27,81,47,3.86,1691255341
496,thinadhoo,0.366,69.394,27.85,74,95,3.88,1691255342
497,waitangi,-89.1475,-176.3667,-49.68,100,100,2.36,1691255342
498,byarozawka,53.6586,25.3714,25.44,70,98,3.04,1691255342
499,west island,-16.8296,83.0823,23.13,67,1,6.7,1691255342
500,port elizabeth,-76.4313,29.221,-58.17,99,46,5.76,1691255343
501,iqaluit,70.0705,-74.5046,7.53,58,99,7.31,1691255343
502,new norfolk,-56.8952,134.1568,2.42,84,92,13.36,1691255343
503,yellowknife,75.3443,-117.9084,0.58,93,97,3.5,1691255343
504,ribeira grande,33.226,-40.2021,26.23,72,9,4.25,1691255343
505,kandalaksha,67.213,31.4669,11.81,91,95,3.59,1691255344
506,natal,-3.239,-27.3964,26.24,71,22,6.67,1691255344
507,kodiak,39.3738,-147.6509,20.27,67,84,2.55,1691255344
508,blackmans bay,-63.1391,135.5151,-0.67,97,100,12.91,1691255344
509,novyy urgal,50.4148,132.8434,10.17,70,3,1.67,1691255344
510,ihosy,-22.6264,45.7952,12.38,78,0,7.01,1691255344
511,itoman,18.8875,130.7951,28.4,87,100,9.65,1691255344
512,bredasdorp,-60.7438,17.4406,-1.73,96,100,10.14,1691255345
513,edinburgh of the seven seas,-51.245,-11.5868,2.8,93,93,9.95,1691255345
514,vorgashor,69.2126,61.5883,21.42,65,1,3.33,1691255345
515,udachny,79.8988,110.3061,0.01,94,55,2.94,1691255345
516,port-aux-francais,-76.4849,63.0014,-49.36,61,0,10.05,1691255345
517,colac,-38.312,143.9249,8.06,97,100,0.87,1691255345
518,bilibino,84.5464,161.7668,-0.28,97,100,7.05,1691255346
519,mersing,2.7932,104.2407,28.18,81,4,6.57,1691255346
520,puerto natales,-89.9198,-112.1344,-40.1,99,100,4.67,1691255346
521,adamstown,-56.7097,-129.1598,1.46,81,100,10.48,1691255346
522,bikenibeu village,2.2347,174.513,28.35,74,14,4.28,1691255346
523,alice springs,-24.9372,130.3935,13.11,57,4,6.67,1691255346
524,grytviken,-77.4374,-48.6578,-22.04,97,100,4.13,1691255346
525,susuman,67.6211,151.8254,5.7,87,100,4.03,1691255347
526,hammerfest,72.3458,25.6526,10.26,93,100,7.93,1691255347
527,labasa,-14.4835,178.284,25.79,83,81,2.73,1691255348
528,sitka,49.606,-141.092,15.34,87,78,4.95,1691255348
529,puerto ayora,-3.6049,-114.6266,25.65,77,84,7.05,1691255348
530,serafimovich,49.7042,43.0867,27.6,62,12,3.84,1691255348
531,hirara,24.4499,126.738,28.96,82,100,13.02,1691255349
532,sitka,54.7587,-137.8869,15.44,96,100,6.11,1691255349
533,ankang,31.8487,109.7808,20.2,94,100,1.66,1691255349
534,albany,-62.9628,124.0252,-1.6,78,100,15.12,1691255349
535,shakhan,50.0328,72.2639,17.99,75,61,3.41,1691255349
536,ushuaia,-76.1019,-59.7039,-26.61,98,100,3.77,1691255349
537,kill devil hills,34.3388,-73.7816,27.38,82,77,9.55,1691255349
538,lerwick,61.5591,-2.5578,11.83,71,44,0.67,1691255350
539,happy valley-goose bay,56.6003,-55.0624,9.08,95,100,5.09,1691255350
540,grytviken,-74.9573,-37.7276,-26.9,98,100,3.99,1691255350
541,grytviken,-87.1124,-38.1099,-32.62,97,100,7.33,1691255350
542,charleston,36.9421,-89.2375,27.99,62,82,4.53,1691255350
543,'ohonua,-26.9562,-172.3867,17.43,66,100,2.86,1691255350
544,sciacca,37.3975,13.1346,25.82,60,18,11.03,1691255350
545,puerto natales,-67.5245,-99.4616,-10.04,90,100,12.29,1691255351
546,saldanha,-37.1891,7.4296,14.03,73,1,9.05,1691255351
547,adamstown,-32.5871,-136.7931,15.59,84,100,13.35,1691255351
548,port-aux-francais,-53.5941,77.6731,-1.19,78,82,16.76,1691255351
549,xilin hot,45.925,115.9769,16.32,70,100,1.89,1691255351
550,ta`u,-10.4518,-160.6255,27.65,58,38,5.3,1691255351
551,carutapera,11.396,-39.299,27.54,77,100,2.82,1691255352
552,waitangi,-59.5122,-146.9984,-1.96,78,100,1.07,1691255352
553,dornava,46.4641,15.9429,17.72,88,100,3.6,1691255352
554,grytviken,-78.3601,-14.3594,-32.85,73,11,7.3,1691255352
555,saint-francois,18.3453,-54.1596,28.41,80,0,9.16,1691255352
556,olonkinbyen,72.4924,-3.0683,5.41,96,100,8.18,1691255352
557,grytviken,-67.5998,-26.8155,-28.25,100,89,3.27,1691255352
558,ribeira grande,22.5337,-31.7745,25.55,75,86,8.07,1691255353
559,alofi,-20.5802,-168.3939,22.14,87,100,10.61,1691255353
560,waitangi,-82.3932,-174.2194,-37.35,100,78,3.18,1691255353
561,varash,51.4085,25.6876,26.38,62,3,2.95,1691255353
562,pueblo nuevo,23.265,-105.2526,25.9,53,100,1.76,1691255353
563,pitimbu,-7.6985,-30.4097,26.14,75,5,5.37,1691255354
564,adamstown,-45.2656,-132.0275,6.15,67,100,3.63,1691255354
565,murun-kuren,50.4508,99.4785,7.36,88,38,1.77,1691255354
566,west island,-6.0079,91.2697,26.85,85,100,5.5,1691255354
567,adamstown,-16.4301,-130.8838,23.86,68,42,1.7,1691255354
568,adamstown,-61.9142,-123.198,-2.0,75,100,2.53,1691255354
569,grytviken,-70.9293,-47.9306,-30.94,100,99,2.56,1691255355
570,maceio,-17.2248,-27.7003,22.86,68,2,3.68,1691255355
571,taguatinga,-11.4544,-46.3965,32.5,21,27,2.55,1691255355
572,ribeira grande,24.3126,-41.9656,26.45,76,22,7.08,1691255355
573,port-aux-francais,-63.4261,81.8013,-31.44,100,83,1.8,1691255355
574,papatowai,-59.5347,174.4748,4.61,84,100,13.96,1691255355
575,port-aux-francais,-80.4626,57.6792,-53.7,93,98,8.14,1691255356
576,port saint john's,-44.7489,41.7457,8.54,99,100,10.74,1691255356
577,woodstock,38.7052,-78.5352,28.77,40,0,4.12,1691255356
578,grytviken,-83.528,-7.8608,-40.46,96,100,8.77,1691255356
579,shingu,24.4939,138.9974,28.63,83,100,5.9,1691255356
580,bethel,71.0146,-172.6651,4.71,99,100,7.05,1691255356
581,wa,9.6158,-2.2622,28.17,73,100,1.18,1691255357
582,kodiak,39.8865,-150.9207,19.92,80,100,8.7,1691255357
583,iqaluit,80.0105,-67.9361,-0.25,99,100,2.6,1691255357
584,enewetak,29.3024,164.4717,25.95,75,12,4.3,1691255357
585,port elizabeth,-62.7388,26.9573,-0.36,84,100,16.45,1691255357
586,taiohae,-10.8517,-146.16,26.25,71,31,5.71,1691255357
587,banda aceh,4.219,92.2932,27.78,81,69,4.35,1691255358
588,taiohae,-8.9946,-146.6684,26.74,64,4,6.7,1691255358
589,tazovsky,79.6896,76.5985,2.07,89,26,4.39,1691255358
590,kurchatov,50.1983,78.4574,23.13,60,52,1.52,1691255358
591,grytviken,-57.1109,-17.8375,-1.93,66,99,5.69,1691255358
592,taulaga,-11.2682,-167.9008,28.36,69,15,5.1,1691255359
593,tiksi,82.0733,133.5092,-0.48,98,100,4.21,1691255359
594,durban,-32.206,34.5848,19.72,72,99,7.93,1691255359
595,mzimba,-11.9538,33.4718,15.61,77,16,4.75,1691255359
596,edinburgh of the seven seas,-50.459,-20.6753,2.71,84,100,8.53,1691255359
597,badger,89.2025,-136.8051,-0.76,91,15,4.67,1691255359
598,bredasdorp,-82.8917,25.7364,-52.99,97,99,6.08,1691255359
599,invercargill,-81.2248,157.2071,-44.15,93,20,1.14,1691255360
600,alvorada,-12.1973,-48.9353,37.31,19,11,3.05,1691255360
601,bandarbeyla,5.4779,56.5645,25.04,91,46,6.84,1691255360
602,sitka,54.3292,-137.8624,15.35,97,100,5.47,1691255360
603,general villegas,-35.7932,-62.3324,18.98,23,2,6.55,1691255360
604,tiksi,87.6296,134.1974,-1.0,92,13,4.37,1691255360
605,antsiranana,-6.5486,47.1524,24.97,83,46,10.34,1691255361
606,bethel,68.4829,-159.2965,14.38,75,32,6.99,1691255361
607,weno,11.9945,150.102,28.73,73,100,2.55,1691255361
608,margaret river,-59.1588,100.5733,-6.88,61,100,4.32,1691255361
609,waitangi,-79.2364,-154.8731,-25.74,97,100,4.84,1691255361
610,invercargill,-72.8581,160.4894,-34.9,81,3,6.37,1691255361
611,quimili,-27.7353,-62.4736,30.2,34,0,4.51,1691255361
612,edinburgh of the seven seas,-72.825,5.4291,-42.08,73,1,8.11,1691255362
613,adamstown,-68.4781,-119.0391,-4.34,95,100,6.64,1691255362
614,adamstown,-43.237,-146.0541,8.65,74,100,7.08,1691255362
615,kapa'a,30.0107,-156.9238,24.7,79,99,5.18,1691255362
616,talnakh,87.0738,98.9887,-0.78,87,70,2.09,1691255362
617,trevelin,-43.6156,-70.9766,4.1,63,16,2.71,1691255362
618,ribeira grande,27.5622,-44.0264,26.41,78,11,6.2,1691255363
619,port elizabeth,-74.5009,28.1035,-53.75,74,3,9.1,1691255364
620,gordonvale,-17.5272,146.9274,22.62,68,35,11.34,1691255364
621,qaqortoq,50.7927,-39.6151,15.54,81,28,7.88,1691255364
622,adamstown,-18.8258,-126.2264,22.89,78,67,1.68,1691255364
623,petropavlovsk-kamchatsky,52.1672,161.5172,12.89,92,0,3.63,1691255364
624,saipan,20.537,142.7661,28.82,77,99,5.08,1691255365
625,antsiranana,-6.8478,48.2657,24.8,82,34,10.15,1691255365
626,edinburgh of the seven seas,-62.7024,-9.5999,-11.85,95,100,5.12,1691255365
627,bilibino,66.721,168.8739,4.33,96,100,3.06,1691255365
628,dudinka,78.888,84.4595,0.62,94,81,2.21,1691255365
629,villa nueva,-32.4738,-63.3772,19.81,49,0,4.62,1691255365
630,ushuaia,-87.2802,-86.2783,-42.17,99,100,4.13,1691255365
631,belaya kholunitsa,59.5226,50.7066,18.19,90,4,1.85,1691255366
632,puerto rico,-26.7907,-55.0258,31.39,28,0,2.23,1691255366
633,ipameri,-17.7013,-48.0279,31.18,14,55,3.36,1691255366
634,georgetown,-5.624,-6.2114,24.32,81,6,6.45,1691255366
635,brokopondo,3.9669,-56.1376,33.68,43,58,1.61,1691255366
636,coahuayana de hidalgo,2.6881,-111.0926,26.49,74,74,6.45,1691255366
637,cifteler,39.3486,30.8536,29.64,24,0,2.7,1691255366
638,stanley,-78.0571,-55.5837,-22.18,99,100,3.08,1691255367
639,puerto natales,-87.4884,-106.4353,-47.75,100,100,3.83,1691255367
640,port-aux-francais,-33.2445,74.2164,14.85,72,16,14.32,1691255367
641,constantia,-49.5576,10.2757,3.42,81,27,16.36,1691255367
642,effingham,39.1043,-88.2026,27.95,40,97,6.97,1691255367
643,kamennogorsk,60.8349,29.0444,21.92,70,74,3.19,1691255368
644,waitangi,-58.7378,-152.2103,-2.04,87,100,1.18,1691255368
645,sao jose da coroa grande,-10.8426,-31.1923,25.1,78,29,4.86,1691255368
646,anadyr,72.5953,174.7617,-1.27,96,100,3.48,1691255368
647,klyuchi,58.0537,168.8408,11.54,91,99,6.13,1691255368
648,la maddalena,38.3354,9.1139,23.72,67,1,13.96,1691255368
649,nar'yan-mar,69.1305,51.0856,13.24,94,35,3.98,1691255369
650,taiohae,4.8922,-127.1827,26.97,78,95,6.59,1691255369
651,sitka,43.274,-144.2178,17.13,88,100,2.11,1691255369
652,longyearbyen,77.9598,6.1615,7.37,94,100,3.68,1691255369
653,waitangi,-62.9942,-174.1206,1.29,97,100,11.86,1691255369
654,vadso,85.4069,34.7641,0.46,97,100,7.35,1691255369
655,northam,-30.7194,121.4221,9.91,76,79,3.09,1691255370
656,bilibino,71.3213,165.4835,-0.2,98,100,1.57,1691255370
657,huron,44.4316,-97.7883,22.58,91,100,5.21,1691255370
658,tura,68.1286,102.0231,11.83,54,4,3.63,1691255370
659,lihue,9.79,-168.5226,26.85,76,81,9.15,1691255370
660,pont rouge,51.0717,-72.0884,12.06,94,100,1.4,1691255370
661,raduzhny,61.9979,78.3654,16.72,56,1,2.54,1691255371
662,invercargill,-49.2288,167.6933,9.54,90,100,17.31,1691255371
663,constantia,-39.9634,11.4263,11.85,73,25,10.93,1691255371
664,chibougamau,50.9064,-73.7715,11.94,94,100,5.33,1691255371
665,papao,-23.6459,-152.6728,21.08,64,62,6.41,1691255371
666,vila velha,-25.6259,-29.0006,20.44,83,42,6.72,1691255372
667,sinabang,-0.7014,92.4099,28.49,74,73,2.37,1691255372
668,laguna,-30.0587,-47.8861,19.06,81,84,5.67,1691255372
669,puerto natales,-77.9839,-104.3143,-29.77,96,100,3.76,1691255372
670,sambava,-12.4051,51.8812,24.41,82,96,11.79,1691255372
671,carnarvon,-23.197,115.4752,20.33,51,9,4.05,1691255372
672,bazas,44.3218,-0.5097,20.81,81,82,4.13,1691255372
673,huercal de almeria,37.0041,-2.4191,25.42,52,0,3.09,1691255373
674,yeed,4.864,43.3823,28.86,45,98,9.33,1691255373
675,albany,-69.6319,114.0425,-33.5,86,100,7.33,1691255373
676,'ohonua,-23.1041,-171.3224,18.06,89,100,8.85,1691255373
677,port-aux-francais,-64.5221,52.2598,-7.83,96,100,5.39,1691255373
678,plasencia,39.9813,-6.0245,35.89,10,0,2.63,1691255373
679,glenrothes,56.2287,-3.231,12.59,86,100,0.45,1691255373
680,port-aux-francais,-59.6439,70.2827,-3.74,71,100,11.14,1691255374
681,grand falls-windsor,52.3111,-55.929,21.92,42,25,6.46,1691255374
682,karapinar,37.619,33.7506,28.28,15,0,2.52,1691255374
683,blackmans bay,-66.8845,131.5275,-19.31,97,100,14.07,1691255374
684,ust-nera,71.5469,145.4933,-1.41,94,55,4.07,1691255374
685,orerokpe,5.7463,5.8933,26.35,82,98,4.03,1691255374
686,adamstown,-41.5683,-104.7057,10.27,94,100,12.52,1691255374
687,ushuaia,-80.2143,-69.026,-36.64,96,58,3.88,1691255375
688,longyearbyen,89.9601,18.8385,-0.92,91,14,3.66,1691255375
689,grytviken,-75.2097,-32.1181,-26.92,92,91,3.63,1691255375
690,invercargill,-50.6116,163.5298,8.85,91,100,13.81,1691255375
691,albany,-47.7939,118.1821,9.15,91,100,19.27,1691255375
692,nizhnesortymskiy,61.9465,70.3138,17.95,57,0,2.84,1691255375
693,wailua homesteads,39.5424,-166.2419,21.39,89,100,8.55,1691255375
694,lima,-23.7236,-56.0329,32.85,22,0,2.36,1691255376
695,maragogi,-11.5294,-31.9972,25.21,76,6,5.0,1691255376
696,college,71.2398,-152.6417,4.04,91,36,7.01,1691255376
697,tual,-8.2581,136.3698,25.44,78,46,8.59,1691255376
698,puerto natales,-57.5027,-93.9766,-2.18,57,100,8.77,1691255376
699,port-aux-francais,-46.3239,73.3023,3.82,68,100,13.97,1691255376
700,ash shafa,20.8688,39.9595,36.37,13,100,5.33,1691255377
701,whitehorse,72.9377,-133.0276,-0.37,96,100,3.03,1691255377
702,talnakh,80.2668,98.7312,1.24,91,34,4.86,1691255378
703,west island,-21.0767,86.5808,20.87,76,57,5.61,1691255378
704,laguna,-34.3367,-41.7192,14.76,58,5,8.44,1691255378
705,wailua homesteads,40.3054,-161.6145,19.32,88,100,7.53,1691255378
706,rundu,-18.5525,19.2217,19.13,20,0,3.37,1691255378
707,petukhovo,55.5502,67.7643,22.15,67,93,2.59,1691255378
708,olonkinbyen,87.9577,-17.4617,0.24,83,11,2.77,1691255379
709,aldama,29.7644,-105.9387,32.21,24,2,1.2,1691255379
710,invercargill,-89.1482,161.6701,-47.2,100,100,3.3,1691255379
711,namdrik,6.2216,166.83,28.3,77,100,5.82,1691255379
712,fuvahmulah,-4.4176,80.2897,27.39,81,100,5.33,1691255379
713,san patricio,11.653,-111.3408,27.19,81,100,4.76,1691255379
714,hamilton,35.6043,-54.2528,26.51,86,44,7.48,1691255380
715,chaah,2.1582,103.1667,24.13,92,9,0.41,1691255380
716,punta arenas,-80.5547,-92.4694,-33.3,93,100,4.39,1691255380
717,waitangi,-51.9136,-158.4109,7.12,91,99,2.45,1691255380
718,albany,-60.4759,121.5239,-0.82,85,99,10.11,1691255380
719,puerto ayora,-9.4033,-110.7882,24.84,73,99,6.39,1691255380
720,port-aux-francais,-84.6763,47.5712,-47.6,98,100,6.63,1691255380
721,wailua homesteads,30.3998,-163.5029,24.07,78,6,6.73,1691255380
722,ushuaia,-75.296,-80.3978,-16.69,97,100,3.83,1691255381
723,ushuaia,-63.0136,-62.1037,-9.02,70,93,3.2,1691255381
724,lihue,21.4158,-160.3503,25.24,70,0,6.85,1691255381
725,arraial do cabo,-33.389,-29.6553,14.98,75,38,18.26,1691255381
726,port-aux-francais,-71.5562,42.0411,-47.74,60,0,13.43,1691255381
727,udachny,87.6025,113.3091,-1.5,89,21,2.4,1691255381
728,adamstown,-67.5112,-135.9101,-7.53,96,100,3.34,1691255382
729,ribeira grande,18.2368,-41.8327,26.84,86,6,9.0,1691255382
730,lompoc,22.2814,-130.49,21.44,88,4,10.57,1691255382
731,qaqortoq,58.9411,-35.4854,9.96,88,97,9.53,1691255382
732,papatowai,-79.7408,176.9983,-44.56,96,34,3.05,1691255382
733,cova figueira,8.5682,-23.9445,26.99,79,92,7.05,1691255382
734,bredasdorp,-89.862,13.9251,-39.01,98,100,6.07,1691255383
735,hadibu,6.4663,59.1384,26.62,84,93,8.28,1691255383
736,ushuaia,-78.5717,-66.858,-35.86,100,42,1.39,1691255383
737,dunoon,56.0658,-4.9178,14.16,91,100,0.85,1691255383
738,adamstown,-69.6178,-123.7562,-18.8,96,100,4.81,1691255383
739,blackmans bay,-82.9346,149.4025,-50.07,89,40,6.14,1691255384
740,edinburgh of the seven seas,-72.55,-0.8851,-33.67,53,0,5.21,1691255384
741,leava,-11.4512,-178.7886,28.16,76,77,4.17,1691255384
742,kodiak,48.6122,-158.2236,12.3,96,100,8.85,1691255384
743,port-aux-francais,-69.399,76.1366,-38.79,62,3,2.93,1691255384
744,bredasdorp,-65.7454,24.6832,-12.79,94,100,12.58,1691255385
745,aasiaat,72.5016,-58.44,4.16,85,100,6.28,1691255385
746,georgetown,-2.5863,-23.3038,25.1,75,37,5.4,1691255385
747,oshnaviyeh,36.9516,45.166,23.56,38,0,1.09,1691255385
748,iqaluit,64.4208,-61.6058,5.11,91,16,3.1,1691255385
749,rongelap,14.5157,166.2624,28.5,75,100,6.12,1691255385
750,constantia,-55.2314,5.344,-0.76,97,100,13.92,1691255386
751,blackmans bay,-69.3399,128.2522,-29.05,99,100,6.45,1691255386
752,taltal,-25.4102,-82.0834,17.41,73,0,2.61,1691255386
753,berezovyy,56.3034,134.3949,10.93,63,91,1.16,1691255386
754,kruisfontein,-45.5237,24.6594,9.83,91,100,16.43,1691255386
755,sola,-11.9069,169.2712,26.86,82,71,2.99,1691255386
756,ust'-ilimsk,62.1667,104.6926,9.29,97,82,1.1,1691255386
757,n'zeto,-8.1412,11.9231,22.59,84,1,4.87,1691255387
758,grytviken,-66.7003,-14.45,-22.1,100,97,7.73,1691255387
759,punta arenas,-84.0905,-93.4278,-41.61,97,93,6.09,1691255387
760,kataragama,3.1649,83.6169,27.95,77,96,7.6,1691255387
761,qamdo,31.028,97.67,7.29,97,100,3.01,1691255387
762,grytviken,-71.6554,-8.4603,-27.97,63,0,3.92,1691255387
763,byron bay,-28.6139,158.686,17.59,62,54,6.79,1691255387
764,ksar chellala,35.2607,2.4703,31.64,10,0,0.92,1691255388
765,cururupu,2.0767,-43.2501,27.2,78,72,7.5,1691255388
766,hermanus,-74.0769,7.4013,-47.54,91,17,6.61,1691255388
767,usinsk,66.222,57.0294,21.58,66,56,2.93,1691255388
768,laguna,-35.4813,-38.6407,14.01,56,5,14.44,1691255388
769,melfort,52.1574,-105.1237,23.16,38,9,3.88,1691255388
770,saipan,24.0884,155.6214,26.55,84,100,6.69,1691255389
771,madinat ash shamal,26.7252,51.9323,33.23,82,57,4.19,1691255389
772,badger,74.008,-142.369,-0.22,98,100,6.25,1691255389
773,majalengka,-6.872,108.1993,22.04,90,16,2.39,1691255389
774,newman,-24.9892,124.3044,16.11,52,2,4.48,1691255389
775,avarua,-26.9333,-157.6667,18.74,60,95,4.84,1691255389
776,dakhla,24.4717,-14.4027,33.88,20,0,7.76,1691255389
777,bardai,20.2828,18.4352,24.01,26,91,2.73,1691255390
778,kavadarci,41.266,21.8956,26.4,53,24,2.77,1691255390
779,bardai,23.725,15.9272,39.11,8,0,3.77,1691255390
780,cascais,38.1649,-10.639,20.33,83,0,11.54,1691255390
781,isafjordur,78.6144,-25.191,0.53,83,12,6.67,1691255390
782,saldanha,-36.5849,6.1088,14.6,69,1,10.0,1691255390
783,qaqortoq,58.6155,-38.7186,9.95,86,19,12.61,1691255390
784,ouellah,-11.3635,43.4804,25.13,79,3,7.29,1691255391
785,buchach,49.2292,25.2865,26.35,48,0,6.37,1691255391
786,madang,-4.8666,145.4889,17.76,98,100,0.55,1691255391
787,verkhnevilyuysk,64.8702,119.5494,13.1,67,97,3.21,1691255391
788,ballycastle,56.1272,-6.3797,13.57,79,100,4.71,1691255391
789,taiohae,-3.6886,-130.6649,25.94,75,75,4.33,1691255391
790,kingscliff,-26.9133,158.4422,18.58,65,10,7.8,1691255391
791,stanley,-74.8891,-51.5187,-33.19,100,100,2.89,1691255392
792,ribeira grande,32.6397,-31.9306,25.67,75,72,1.93,1691255392
793,port-aux-francais,-73.9042,37.6406,-53.43,69,0,11.21,1691255392
794,griffith,-32.1762,144.2872,6.54,78,0,4.9,1691255392
795,takamaka,-6.0229,56.315,25.32,83,31,8.08,1691255392
796,ilanskiy,56.3155,96.0381,9.54,76,0,2.94,1691255392
797,east london,-57.5451,42.3079,0.89,98,100,15.22,1691255392
798,yellowknife,79.4669,-123.336,0.34,95,100,6.67,1691255393
799,west island,-14.4103,93.61,24.77,73,72,9.6,1691255393
800,ilulissat,84.6287,-38.2762,0.54,94,24,4.81,1691255393
801,ketchikan,58.1958,-131.4244,16.11,59,75,1.62,1691255394
802,codrington,22.3732,-55.0378,28.34,79,33,8.63,1691255394
803,olonkinbyen,84.8502,-1.7543,0.64,84,96,8.25,1691255394
804,palikir - national government center,3.0424,156.459,28.24,78,77,4.46,1691255394
805,gizo,-10.3889,156.3451,25.84,71,100,10.11,1691255395
806,hermanus,-48.1352,15.9943,5.22,86,96,16.18,1691255395
807,puerto natales,-75.2294,-109.9987,-25.67,80,52,4.78,1691255395
808,atafu village,-7.1448,-174.6239,28.39,74,88,4.98,1691255395
809,iqaluit,71.1773,-70.5169,6.15,72,87,5.01,1691255395
810,gorontalo,2.5912,121.5568,28.5,75,9,1.19,1691255395
811,vilyuchinsk,40.1535,161.3013,21.12,97,49,8.46,1691255395
812,zheshart,62.1279,49.6177,17.75,89,17,1.92,1691255396
813,el porvenir,11.9385,-78.1405,28.19,85,49,10.16,1691255396
814,constantia,-45.8271,11.7034,6.8,81,71,15.02,1691255396
815,cromer,54.3819,1.4144,13.33,80,100,1.94,1691255396
816,port-aux-francais,-69.7309,52.1544,-49.69,60,0,7.07,1691255396
817,puerto natales,-62.5174,-104.7175,-5.68,64,70,4.89,1691255396
818,west island,-12.9191,97.6227,24.85,83,61,10.07,1691255396
819,melekeok village,6.4561,136.4857,25.99,81,100,7.21,1691255396
820,saipan,20.3159,139.255,28.64,79,100,5.93,1691255397
821,miyanoura,30.1007,129.5737,27.4,91,100,19.19,1691255397
822,hermanus,-68.3638,11.6064,-21.63,96,100,9.48,1691255397
823,puerto natales,-65.7407,-107.1917,-7.93,87,100,9.16,1691255397
824,qaqortoq,60.5093,-43.2614,10.0,57,4,1.82,1691255397
825,grytviken,-80.1382,-11.3453,-37.24,89,32,6.97,1691255397
826,port-aux-francais,-60.9982,92.2585,-13.56,93,100,2.55,1691255397
827,atafu village,3.7592,-170.1916,28.14,73,58,4.43,1691255398
828,wailua homesteads,34.7226,-169.8041,23.57,79,53,5.59,1691255398
829,tazacorte,29.8046,-24.9628,24.61,71,53,3.05,1691255398
830,punta arenas,-56.9377,-73.5176,1.06,99,100,11.75,1691255398
831,adamstown,-47.4009,-121.274,5.46,73,60,8.98,1691255398
832,san luis de la loma,5.1311,-106.1462,26.91,77,77,3.45,1691255398
833,iskateley,88.0078,55.2032,-0.16,86,79,2.77,1691255398
834,port-aux-francais,-47.3722,82.8711,3.24,62,99,10.35,1691255398
835,lebyazh'ye,55.7823,66.4363,19.26,85,89,2.69,1691255399
836,ushuaia,-72.0723,-69.3615,-27.25,71,68,2.17,1691255399
837,ushuaia,-88.2345,-57.5752,-38.8,100,100,4.33,1691255399
838,visby,56.6894,19.3377,17.07,74,100,2.41,1691255399
839,birmitrapur,22.615,84.7939,23.61,95,99,4.16,1691255399
840,hirara,24.0278,126.0455,29.38,80,100,10.13,1691255399
841,jamestown,-13.1533,-9.256,21.58,76,30,6.74,1691255399
842,gizo,-9.8152,154.6003,26.05,65,99,11.21,1691255400
843,loango,-4.9421,10.0405,22.48,84,100,3.61,1691255400
844,nuuk,59.6891,-53.7995,8.76,88,73,5.11,1691255400
845,ust-nera,85.8453,150.3027,-0.62,91,100,6.15,1691255400
846,south hedland,-21.1947,119.917,21.59,36,2,5.47,1691255400
847,afaahiti,-27.2691,-147.49,19.04,68,72,10.76,1691255400
848,olonkinbyen,86.0596,-0.441,0.44,88,76,5.8,1691255401
849,postmasburg,-28.447,22.8816,16.68,28,3,4.05,1691255401
850,kapuskasing,55.1837,-83.8262,14.05,59,0,3.27,1691255401
851,avarua,-23.0134,-162.3282,20.3,66,100,3.99,1691255401
852,tiksi,75.7729,136.8248,0.36,86,88,3.6,1691255401
853,puerto natales,-72.9516,-108.4534,-16.82,93,76,10.49,1691255401
854,isafjordur,65.1191,-33.4138,7.34,93,100,9.18,1691255402
855,yenisehir,40.1043,29.6728,27.37,48,0,0.51,1691255402
856,mount gambier,-45.6044,132.8853,9.93,89,100,8.43,1691255402
857,tiksi,89.533,141.4537,-0.96,91,16,3.81,1691255403
858,petropavlovsk-kamchatsky,45.0053,174.095,14.93,99,100,11.67,1691255403
859,nykobing falster,54.5664,11.7048,20.64,55,97,4.33,1691255403
860,carutapera,1.7518,-45.1733,27.04,81,10,6.7,1691255403
861,blackmans bay,-83.6438,144.2865,-50.86,92,38,6.5,1691255403
862,hermanus,-59.1345,12.2478,-1.75,97,100,0.64,1691255404
863,haiku-pauwela,24.4988,-151.8823,23.49,75,15,4.36,1691255404
864,'ohonua,-31.035,-175.1327,14.67,66,100,10.61,1691255404
865,isafjordur,67.2453,-30.2617,5.35,74,100,2.85,1691255404
866,cargados carajos,-11.2775,63.8796,25.13,79,95,10.95,1691255404
867,sawakin,19.6919,39.0329,32.09,66,100,5.91,1691255404
868,enewetak,26.9153,163.2042,26.52,76,41,5.85,1691255405
869,stanley,-63.8717,-50.358,-28.02,100,64,3.91,1691255405
870,kerikeri,-34.4374,169.4321,14.55,75,99,7.09,1691255405
871,edinburgh of the seven seas,-64.311,-4.9486,-8.61,95,100,4.4,1691255405
872,port-aux-francais,-41.6134,91.9028,9.6,65,83,6.95,1691255405
873,solwezi,-12.5863,26.3809,18.03,38,0,1.95,1691255406
874,remire-montjoly,11.9794,-47.8557,27.84,76,23,2.64,1691255406
875,puerto ayora,-4.5934,-102.5728,25.2,78,39,7.72,1691255406
876,avarua,-25.9551,-160.6203,18.78,66,100,4.2,1691255406
877,blackmans bay,-70.7683,150.062,-36.31,87,21,6.18,1691255406
878,siwa oasis,30.1509,24.0718,37.25,12,0,4.12,1691255407
879,adamstown,-72.6946,-120.4658,-23.68,100,100,9.64,1691255407
880,port macquarie,-34.3093,157.7349,16.55,73,100,5.76,1691255407
881,klyuchi,61.1799,159.6847,11.21,79,27,9.77,1691255407
882,bandarbeyla,9.1579,51.8795,24.46,86,59,14.81,1691255407
883,talnakh,70.5803,92.7334,14.46,62,7,2.35,1691255407
884,carnarvon,-20.4462,110.0282,20.82,78,0,6.06,1691255408
885,ketchikan,46.0525,-137.8169,16.83,97,79,6.07,1691255408
886,antonio enes,-17.523,39.1043,23.85,75,53,5.82,1691255408
887,arica,-19.3329,-70.3631,17.32,80,41,2.61,1691255408
888,grytviken,-53.285,-41.2115,-3.79,72,100,15.72,1691255409
889,waitangi,-78.0902,-141.035,-29.34,93,100,6.32,1691255409
890,longyearbyen,74.8303,13.5263,9.15,96,100,6.02,1691255410
891,avarua,-26.4436,-152.5042,18.68,64,61,8.37,1691255410
892,tura,69.1109,102.3979,11.81,65,71,2.85,1691255410
893,macau,-3.8867,-36.4017,26.42,74,86,7.66,1691255410
894,ilulissat,72.2006,-37.6818,-12.03,91,64,4.48,1691255410
895,howard springs,-14.9945,134.8799,19.14,88,35,3.31,1691255410
896,timaru,-44.091,170.6679,1.5,82,98,3.34,1691255410
897,edinburgh of the seven seas,-40.6494,-24.0374,9.83,75,82,19.52,1691255411
898,atafu village,7.2982,-170.5133,27.5,79,61,5.03,1691255411
899,richards bay,-28.8086,37.1993,19.94,79,63,7.5,1691255411
900,waitangi,-56.2247,-147.5956,-0.78,73,100,4.8,1691255411
901,klyuchi,59.4102,164.6832,11.6,83,87,13.65,1691255411
902,grytviken,-79.5848,-6.67,-41.12,94,39,8.37,1691255411
903,edinburgh of the seven seas,-42.05,-2.0774,9.19,77,27,11.29,1691255412
904,waitangi,-69.7715,-173.2374,-12.13,90,90,6.78,1691255412
905,stanley,-78.7984,-55.0227,-22.11,98,100,3.23,1691255412
906,vingt cinq,-13.1999,56.907,24.68,78,73,11.31,1691255412
907,olonkinbyen,79.2578,-17.2363,0.76,83,88,1.64,1691255412
908,gadzhiyevo,81.2935,38.9226,1.94,98,99,6.04,1691255412
909,albany,-52.9608,110.4808,2.59,87,100,10.44,1691255413
910,blackmans bay,-71.3189,140.8456,-35.79,95,93,5.21,1691255413
911,coahuayana de hidalgo,7.1091,-109.8356,27.31,77,97,4.74,1691255413
912,yurty,55.4073,97.33,11.92,72,96,1.02,1691255413
913,qusmuryn,52.7533,64.2807,21.55,69,33,2.85,1691255413
914,opuwo,-20.0544,9.7294,15.92,89,0,9.14,1691255413
915,port-aux-francais,-74.2488,86.2911,-62.38,100,94,6.06,1691255414
916,dharampur,20.5514,73.2376,25.55,87,86,4.58,1691255414
917,adamstown,-51.3992,-120.2833,4.4,80,100,6.96,1691255414
918,puerto natales,-71.7179,-111.0907,-16.43,90,51,11.94,1691255414
919,borovskoy,53.5918,65.1515,22.47,60,57,2.21,1691255414
920,solnechnyy,52.1848,138.0348,9.39,85,51,1.33,1691255414
921,invercargill,-50.2778,159.7846,6.75,87,100,17.2,1691255415
922,whitehorse,59.1411,-138.1557,16.11,74,68,1.44,1691255415
923,adamstown,-46.1201,-118.0419,6.54,77,90,8.05,1691255415
924,adamstown,-36.7538,-140.4754,13.14,75,96,7.77,1691255415
925,rio grande,-32.6595,-50.9398,15.2,65,0,2.35,1691255415
926,yellowknife,88.632,-106.8276,-0.76,89,14,4.99,1691255415
927,albany,-36.3036,118.6319,15.07,63,100,5.86,1691255416
928,port-aux-francais,-48.2868,50.0272,3.62,93,44,9.13,1691255416
929,atafu village,-2.5479,-176.8739,28.99,64,2,6.22,1691255416
930,hermanus,-71.1819,10.9804,-25.78,44,27,6.1,1691255416
931,albany,-67.8653,121.6206,-20.5,94,100,17.18,1691255416
932,ciudad lazaro cardenas,11.7408,-105.3064,28.01,74,100,1.22,1691255416
933,port-aux-francais,-86.723,84.6022,-45.04,94,100,9.57,1691255417
934,port-aux-francais,-67.0642,63.5192,-39.74,97,57,3.71,1691255417
935,yelwa,8.9518,9.7285,29.33,61,93,4.6,1691255417
936,waitangi,-88.2131,-170.7486,-48.17,100,100,5.32,1691255417
937,iqaluit,67.3238,-72.4127,5.14,69,62,2.97,1691255417
938,west island,-10.5012,94.6558,26.07,85,53,9.99,1691255418
939,puerto natales,-63.2815,-84.2866,-8.98,72,100,10.12,1691255418
940,sandnessjoen,67.4077,11.807,12.0,71,100,5.14,1691255418
941,selfoss,58.6317,-18.1817,13.14,85,55,7.54,1691255418
942,blackmans bay,-66.0031,142.361,-18.71,100,93,1.53,1691255418
943,geraldton,-27.4449,115.5736,18.02,59,36,4.39,1691255419
944,myitkyina,25.989,98.7119,11.88,98,100,1.17,1691255419
945,kampene,-3.7703,27.119,29.1,37,49,0.6,1691255419
946,adamstown,-70.9891,-131.7569,-23.11,100,64,5.88,1691255419
947,tuapse,43.6651,38.8541,26.4,73,0,1.17,1691255419
948,west island,-14.3736,92.76,24.64,74,54,9.15,1691255419
949,port-aux-francais,-47.738,93.1258,5.04,62,98,11.16,1691255419
950,atafu village,3.6733,-177.6635,28.47,74,19,3.97,1691255420
951,atafu village,-0.8424,-167.6708,27.49,77,59,4.14,1691255420
952,iqaluit,59.711,-65.8133,6.69,81,16,5.8,1691255420
953,kodiak,42.209,-148.945,17.67,89,100,4.08,1691255420
954,tiksi,85.0149,139.9976,-0.06,85,100,5.15,1691255420
955,nemuro,38.2385,150.6303,25.49,89,0,8.13,1691255421
956,talnakh,71.9314,90.6095,15.82,45,18,1.23,1691255421
957,bikenibeu village,0.2081,175.2858,28.71,74,50,4.84,1691255421
958,port-aux-francais,-55.7799,95.2661,-3.59,48,100,3.34,1691255421
959,la passe,-4.4107,60.4346,26.26,79,100,8.94,1691255421
960,olgii,48.6851,89.2378,9.01,61,68,2.58,1691255421
961,grytviken,-60.7903,-23.1992,-14.47,97,100,8.77,1691255421
962,edinburgh of the seven seas,-33.3776,-9.6074,15.99,70,14,8.6,1691255422
963,punta arenas,-64.1801,-76.1614,-13.46,98,100,9.78,1691255422
964,puerto ayora,-6.1202,-98.3376,24.4,70,35,7.58,1691255422
965,keflavik,57.2286,-28.0099,11.84,82,100,10.2,1691255422
966,garbahaarrey,3.3438,42.5087,29.48,49,99,8.12,1691255422
967,tejen,36.8398,60.1682,32.4,24,0,3.82,1691255422
968,papatowai,-86.9112,171.23,-46.99,99,100,5.44,1691255423
969,blackmans bay,-79.0801,137.4436,-52.54,94,26,6.65,1691255423
970,kharabali,47.7658,47.0844,32.27,28,0,3.37,1691255423
971,arraial do cabo,-31.9769,-29.0628,16.65,70,3,16.33,1691255423
972,saint-pierre,41.4712,-55.8334,22.7,91,100,9.74,1691255423
973,dudinka,77.7844,82.0224,1.94,88,96,4.77,1691255423
974,qaqortoq,58.2831,-42.4551,9.58,91,1,9.17,1691255424
975,isafjordur,70.0825,-33.8441,-8.9,82,12,6.85,1691255424
976,longyearbyen,85.0278,9.4353,0.16,93,100,10.83,1691255424
977,keminmaa,66.5602,24.6789,14.74,80,97,2.71,1691255424
978,port lincoln,-37.7527,135.1148,12.29,61,100,3.09,1691255424
979,pontal do parana,-25.8712,-47.8742,20.42,78,0,2.93,1691255424
980,bethel,64.7978,-169.0797,9.62,83,100,15.28,1691255425
981,betio village,2.5174,171.6136,28.59,76,16,5.21,1691255425
982,nemuro,36.9105,150.056,26.38,84,5,5.69,1691255425
983,grytviken,-57.4655,-37.0511,-6.96,72,100,11.21,1691255425
984,mukalla,17.1815,49.4964,35.46,18,49,3.34,1691255425
985,port-aux-francais,-67.1105,100.0809,-35.66,87,26,3.88,1691255425
986,badger,81.0562,-142.7357,-0.26,99,100,3.91,1691255426
987,alice springs,-26.6337,134.1917,11.98,38,3,4.43,1691255426
988,albany,-71.6668,116.7503,-39.49,98,100,4.59,1691255426
989,lebu,-29.9516,-98.886,15.02,60,73,4.71,1691255426
990,langarud,38.6016,50.7333,27.2,66,81,4.69,1691255427
991,ushuaia,-81.3922,-63.3069,-38.48,100,68,3.15,1691255427
992,port-aux-francais,-70.5125,54.0442,-54.7,77,1,6.18,1691255427
993,arteche,14.151,130.5485,28.44,82,37,6.82,1691255427
994,taiohae,3.9178,-126.0763,27.41,76,100,6.28,1691255428
995,pudozh,62.3611,35.8721,18.41,80,51,3.21,1691255428
996,taiohae,-5.4465,-143.3138,26.34,75,8,5.22,1691255428
997,margaret river,-32.4342,111.65,14.95,64,100,2.11,1691255428
998,edinburgh of the seven seas,-56.1023,-7.0548,-0.75,77,87,10.83,1691255428
999,ilava,48.9102,18.3407,19.5,86,97,2.68,1691255429
1000,whitehorse,67.4402,-131.3905,19.9,55,70,2.96,1691255430
1001,adamstown,-20.5799,-135.7749,23.38,80,85,6.0,1691255430
1002,yellowknife,76.7092,-116.9519,3.67,76,100,6.29,1691255430
1003,waitangi,-79.3696,-176.1892,-43.65,100,99,2.51,1691255430
1004,waitangi,-56.9109,-147.0628,-1.2,71,100,4.01,1691255431
1005,revda,71.4854,38.9016,10.87,98,42,5.25,1691255431
1006,hawaiian paradise park,6.6906,-151.1568,27.22,79,39,5.71,1691255432
1007,isafjordur,74.8251,-27.8141,-7.1,81,20,10.98,1691255432
1008,zhongshan,20.974,110.8746,29.07,78,75,4.62,1691255432
1009,whitehorse,68.4376,-139.2674,17.63,59,34,2.63,1691255433
1010,albany,-64.1609,121.4371,-4.42,90,99,15.09,1691255433
1011,remire-montjoly,6.7805,-46.7629,28.74,71,27,5.61,1691255433
1012,blackmans bay,-64.5104,143.7229,-16.57,100,48,2.94,1691255433
1013,yuanping,39.3677,112.8779,21.07,65,22,1.64,1691255434
1014,lihue,12.878,-170.4711,26.49,77,94,8.85,1691255434
1015,invercargill,-59.6514,165.0891,3.47,97,100,10.07,1691255434
1016,al bawiti,27.4395,28.6759,36.33,13,0,3.89,1691255434
1017,waitangi,-73.3015,-146.6208,-20.58,100,100,8.85,1691255434
1018,udachny,71.4314,118.1802,2.48,95,28,3.62,1691255434
1019,iqaluit,75.197,-68.5096,2.98,94,100,11.71,1691255435
1020,ancud,-41.6651,-80.4998,7.8,63,74,1.95,1691255435
1021,sorong,-0.3622,129.8768,27.63,77,97,10.08,1691255435
1022,puerto ayora,-3.3128,-100.1341,25.28,78,73,7.78,1691255436
1023,tuxtepec,18.0462,-96.1532,29.85,68,100,1.2,1691255436
1024,thompson,65.8672,-89.3087,16.76,55,86,1.63,1691255437
1025,inekar,16.9572,2.773,38.89,25,56,6.87,1691255437
1026,nuuk,61.0723,-52.3469,7.66,90,97,4.21,1691255437
1027,nagqu,34.6701,93.2793,3.09,85,42,1.59,1691255437
1028,sefaatli,39.527,34.6954,25.71,27,0,2.48,1691255437
1029,georgetown,-9.5898,-18.8286,24.89,69,43,6.66,1691255437
1030,kingston,-35.7446,162.3056,13.72,65,100,2.22,1691255438
1031,puerto natales,-66.6993,-105.4398,-9.0,92,100,10.9,1691255438
1032,bilibino,85.9922,177.6281,-1.06,92,100,2.54,1691255438
1033,hamilton,27.6555,-63.3992,29.13,75,19,6.52,1691255438
1034,sola,-9.9776,170.8511,27.59,77,94,1.84,1691255438
1035,bethel,58.0751,-170.6794,8.74,97,100,11.9,1691255438
1036,ambodifotatra,-16.6893,50.7516,23.74,80,38,11.49,1691255439
1037,west island,-16.2598,95.2543,22.93,75,5,9.29,1691255439
1038,djibo,14.0104,-1.2968,35.88,37,99,3.74,1691255439
1039,grytviken,-59.5805,-36.4902,-13.68,95,97,6.73,1691255439
1040,port alfred,-41.9566,29.0841,13.36,87,98,10.18,1691255439
1041,punta arenas,-84.1384,-98.9351,-41.32,100,100,3.39,1691255439
1042,kourou,16.4321,-46.6297,27.25,83,69,7.48,1691255439
1043,tranovaho,-29.7236,41.3205,20.6,71,85,9.77,1691255440
1044,zhenjiang,32.1945,119.5572,26.39,89,10,2.3,1691255440
1045,blackmans bay,-70.4215,131.5215,-34.88,100,100,3.19,1691255440
1046,yellowknife,76.2451,-107.0009,1.44,90,99,3.51,1691255440
1047,blackmans bay,-73.9493,126.1213,-47.99,100,99,5.32,1691255440
1048,stanley,-85.9498,-51.7514,-29.81,98,100,6.44,1691255440
1049,albany,-79.5677,117.8997,-59.08,100,100,5.27,1691255440
1050,margaret river,-39.6332,100.6922,10.86,81,10,11.53,1691255440
1051,albany,-59.4563,117.0365,-2.13,68,100,8.91,1691255441
1052,dowlatabad,33.4709,51.5594,21.28,18,11,3.83,1691255441
1053,anadyr,45.5205,179.926,14.82,99,100,12.6,1691255441
1054,touros,-1.1011,-33.2003,25.94,79,100,7.41,1691255442
1055,kyren,51.0543,101.1799,11.78,97,100,1.73,1691255442
1056,arthur's town,25.7911,-74.5751,29.76,72,13,5.57,1691255442
1057,edinburgh of the seven seas,-47.1911,-20.6198,5.38,81,100,10.51,1691255443
1058,port macquarie,-31.2543,153.528,17.6,69,100,1.75,1691255443
1059,avarua,-29.2724,-164.3768,17.76,70,100,7.17,1691255443
1060,wailua homesteads,25.5233,-164.559,25.11,68,3,5.98,1691255443
1061,puerto ayora,-10.1842,-104.778,23.84,71,100,7.9,1691255443
1062,cabo san lucas,6.8084,-121.0604,27.52,74,100,6.89,1691255443
1063,tiksi,78.9079,139.1179,-0.97,92,97,4.42,1691255443
1064,quellon,-46.455,-81.237,6.84,73,100,9.97,1691255443
1065,lebu,-30.3579,-93.5189,16.25,75,11,4.57,1691255444
1066,papatowai,-78.1038,177.3113,-38.19,91,5,4.64,1691255444
1067,margaret river,-49.725,107.2322,2.03,95,77,20.4,1691255444
1068,'ohonua,-31.4252,-178.8585,14.59,69,100,10.43,1691255444
1069,sitka,54.7542,-135.2284,15.61,96,100,9.56,1691255444
1070,ahau,-10.9039,177.2688,28.24,75,23,4.01,1691255444
1071,baniachang,24.6291,91.5232,26.0,93,100,4.26,1691255444
1072,harstad,70.7222,14.3192,11.16,86,100,10.85,1691255444
1073,hermanus,-74.3461,9.6727,-49.87,96,50,6.45,1691255445
1074,faya-largeau,18.6427,18.0581,35.19,35,7,5.19,1691255445
1075,karratha,-18.4389,112.3267,22.87,77,0,6.25,1691255445
1076,puerto natales,-65.496,-92.2446,-13.55,84,78,8.39,1691255445
1077,bilibino,67.1042,164.9431,5.43,98,100,1.87,1691255445
1078,kavaratti,13.2159,66.8494,27.2,84,27,8.9,1691255445
1079,grytviken,-89.6405,6.4491,-38.42,98,100,6.65,1691255445
1080,constantia,-45.6461,9.7355,6.61,80,48,14.97,1691255445
1081,utrik,25.7128,177.1384,26.49,79,99,7.12,1691255446
1082,edinburgh of the seven seas,-73.1179,5.5729,-43.42,77,4,7.72,1691255446
1083,petropavlovsk-kamchatsky,49.1219,166.6411,11.3,92,100,5.47,1691255446
1084,kabansk,52.3692,106.367,12.0,99,100,0.79,1691255446
1085,rosarito,30.9535,-119.7617,17.48,90,0,8.68,1691255446
1086,constantia,-49.1647,6.4244,2.99,76,64,16.62,1691255446
1087,port-aux-francais,-38.4823,86.4479,12.98,83,83,12.82,1691255447
1088,ancud,-39.4426,-101.5854,10.97,78,100,10.74,1691255448
1089,vorgashor,78.157,59.6281,5.89,83,8,4.73,1691255448
1090,grytviken,-59.5216,-17.8186,-6.91,79,100,4.82,1691255448
1091,deqen,31.1904,90.2595,5.03,85,53,2.88,1691255448
1092,yaren,-3.6224,163.6788,28.22,76,32,3.78,1691255448
1093,badger,86.633,-138.5653,-0.41,85,100,2.94,1691255448
1094,edinburgh of the seven seas,-40.1548,-5.2379,10.53,74,7,10.49,1691255448
1095,oyama,33.7117,138.1726,28.72,77,6,6.69,1691255448
1096,grytviken,-62.3206,-25.3456,-20.09,99,100,8.28,1691255449
1097,bardai,19.745,15.3147,36.04,28,38,1.95,1691255449
1098,longyearbyen,82.3293,21.8734,0.8,100,100,2.69,1691255449
1099,nikolayevsk-on-amure,52.889,141.517,13.77,78,22,2.95,1691255449
1100,egilsstadir,69.5738,-15.1231,4.83,82,100,6.48,1691255449
1101,qamdo,32.2792,99.0012,8.75,97,100,0.55,1691255449
1102,pantai cenang,5.8844,99.538,29.18,70,100,3.82,1691255449
1103,queenstown,-40.8499,165.1985,13.1,85,100,8.24,1691255449
1104,thinadhoo,0.5853,72.4425,27.93,76,100,4.13,1691255450
1105,west island,-21.2442,93.4558,20.94,75,49,6.9,1691255450
1106,atafu village,4.2963,-175.8508,28.39,73,16,3.79,1691255450
1107,cabo san lucas,6.8055,-122.2593,27.46,74,100,6.95,1691255450
1108,trashi yangtse,28.7124,92.38,4.56,93,100,0.96,1691255450
1109,dudinka,68.6357,86.3676,16.75,57,4,1.82,1691255450
1110,achinsk,57.3923,90.4909,8.82,80,57,1.68,1691255450
1111,bamboo flat,7.9925,88.2788,28.03,84,100,8.53,1691255450
1112,ust-nera,74.643,139.7122,-0.53,84,31,1.81,1691255451
1113,saudarkrokur,68.9443,-19.9936,5.0,77,62,4.04,1691255451
1114,tan-tan,29.265,-11.6951,21.78,89,0,6.51,1691255451
1115,broome,-19.8559,124.7476,22.0,31,0,5.08,1691255451
1116,kansk,56.5024,95.8026,9.4,75,0,2.86,1691255451
1117,vingt cinq,-12.3141,53.7952,24.62,82,62,11.33,1691255451
1118,grytviken,-84.1187,-4.3305,-39.87,95,100,8.06,1691255451
1119,ushuaia,-61.5423,-64.5685,-3.66,65,100,9.61,1691255451
1120,bilibino,80.3424,160.5812,-1.33,94,100,6.93,1691255452
1121,qaqortoq,54.1898,-44.9101,12.18,94,4,4.85,1691255452
1122,adamstown,-50.9557,-125.139,4.39,65,34,5.78,1691255452
1123,kapa'a,30.9095,-157.5112,24.19,80,71,5.15,1691255452
1124,labrador city,54.8696,-70.2853,13.01,91,100,6.37,1691255452
1125,port-aux-francais,-70.6138,75.579,-46.38,80,48,6.94,1691255452
1126,fernley,40.4536,-119.296,21.8,36,0,3.73,1691255452
1127,tiksi,86.8739,141.1028,-1.01,91,27,4.79,1691255452
1128,puerto natales,-58.7761,-97.3085,-2.77,58,100,6.39,1691255453
1129,wailua homesteads,31.7672,-168.0581,23.58,73,15,5.19,1691255453
1130,ilhabela,-26.6638,-44.1985,21.49,80,0,1.7,1691255453
1131,hayma',13.8057,63.5024,26.24,86,45,11.34,1691255453
1132,adamstown,-55.6464,-139.6433,2.98,70,93,9.63,1691255453
1133,sovetskaya gavan',47.5799,138.4863,9.97,97,100,0.66,1691255453
1134,kayangel,10.1118,131.5099,28.68,79,100,4.56,1691255454
1135,rikaze,31.6262,87.7234,12.02,54,71,3.46,1691255455
1136,saint-pierre,36.5539,-54.656,26.24,86,55,6.76,1691255455
1137,college,80.9111,-149.7987,-0.43,99,100,2.29,1691255455
1138,urangan,-21.2792,157.8533,20.92,71,40,11.16,1691255455
1139,taiohae,6.1031,-131.8108,26.44,81,100,6.08,1691255455
1140,puerto san carlos,22.0619,-118.0637,23.04,78,50,6.32,1691255455
1141,badger,66.6817,-140.0345,19.31,56,30,1.45,1691255455
1142,monrovia,4.6748,-11.7419,25.61,79,100,7.9,1691255457
1143,'ohonua,-24.5401,-172.5456,16.91,84,100,8.56,1691255457
1144,martapura,-4.9139,116.6371,27.69,77,11,9.15,1691255457
1145,iskateley,74.5712,54.787,10.86,78,53,5.78,1691255457
1146,tiksi,81.0539,134.9132,-0.76,98,100,4.78,1691255457
1147,argo,20.997,26.8036,34.65,28,64,3.97,1691255457
1148,qaqortoq,60.2561,-34.9476,10.33,74,7,3.55,1691255457
1149,puerto natales,-72.8993,-97.8352,-10.94,82,100,9.39,1691255458
1150,ishigaki,23.6622,124.7655,29.3,85,100,7.31,1691255458
1151,yellowknife,86.0942,-108.1957,0.14,90,100,3.66,1691255458
1152,atafu village,8.3535,-175.7301,27.76,79,79,8.44,1691255458
1153,blackmans bay,-87.7438,119.7354,-42.88,94,100,9.23,1691255458
1154,kavaratti,9.2694,65.0975,27.7,83,97,7.47,1691255458
1155,yellowknife,88.5023,-122.6632,-0.76,91,69,5.57,1691255458
1156,brigantine,37.009,-71.6534,25.95,85,98,11.73,1691255458
1157,adamstown,-60.7685,-139.9255,-1.76,73,17,1.28,1691255459
1158,yellowknife,83.9437,-110.6905,0.14,90,100,3.78,1691255459
1159,port elizabeth,-71.8757,31.3901,-35.76,45,0,15.75,1691255459
1160,'ohonua,-31.2449,-177.4087,14.51,69,100,11.28,1691255459
1161,ad darb,18.038,41.4034,31.17,73,98,3.27,1691255459
1162,nova sintra,9.6611,-32.3444,27.33,80,36,5.48,1691255459
1163,san luis de la loma,1.5844,-108.5814,26.31,73,6,6.47,1691255459
1164,laguna,-31.6908,-43.2233,16.88,59,1,5.4,1691255459
1165,grytviken,-59.6138,-38.5847,-12.98,91,98,6.32,1691255460
1166,puerto natales,-52.4931,-86.7116,5.94,93,100,14.31,1691255460
1167,anadyr,54.2407,177.7833,9.22,96,100,10.84,1691255460
1168,usogorsk,66.2591,45.573,18.89,86,100,1.14,1691255460
1169,qamdo,34.4021,96.4265,1.56,99,100,3.04,1691255460
1170,hithadhoo,-1.4329,66.0246,26.51,79,100,3.91,1691255460
1171,salinopolis,0.6454,-46.242,27.08,81,9,5.86,1691255460
1172,porto novo,15.1821,-30.9453,26.56,83,53,6.97,1691255460
1173,blackmans bay,-73.0761,136.8103,-43.01,92,96,6.03,1691255461
1174,constantia,-41.106,4.9618,9.26,80,3,11.25,1691255461
1175,crane,15.3232,-55.8149,28.36,81,32,8.52,1691255461
1176,anadyr,64.2478,171.5659,8.49,95,100,4.32,1691255461
1177,mulayjah,27.1164,47.0949,37.34,8,4,4.75,1691255461
1178,cumaribo,3.2118,-70.4397,27.01,89,67,1.31,1691255461
1179,olonkinbyen,86.0612,-7.7573,0.44,82,57,4.34,1691255462
1180,port mathurin,-20.8593,79.5962,21.96,71,64,7.87,1691255462
1181,antalaha,-14.6927,50.9241,24.35,78,36,10.24,1691255462
1182,susuman,73.8709,151.4609,-0.86,81,100,6.76,1691255462
1183,petropavlovsk-kamchatsky,44.1012,165.9674,16.11,99,96,11.47,1691255462
1184,vila velha,-22.4817,-31.2428,22.65,72,55,3.65,1691255462
1185,nova vicosa,-22.7204,-25.3509,22.54,71,85,6.21,1691255463
1186,bandon,48.4941,-10.3645,16.04,84,0,8.47,1691255463
1187,nishinoomote,27.9718,135.6766,27.9,86,100,10.32,1691255463
1188,hawaiian paradise park,3.7729,-154.0527,27.2,76,31,2.03,1691255463
1189,west island,-28.2322,84.2623,18.13,68,24,5.38,1691255463
1190,college,72.8851,-157.3464,3.0,100,97,2.18,1691255463
1191,san patricio,6.2605,-115.9693,27.42,73,96,5.82,1691255464
1192,yellowknife,71.5726,-105.9705,8.12,60,100,3.68,1691255464
1193,adamstown,-30.0684,-106.7098,17.46,85,100,13.65,1691255464
1194,bethel,86.5099,-169.1862,-0.86,84,100,2.65,1691255464
1195,trinity beach,-14.9142,148.4578,23.62,68,100,10.74,1691255464
1196,badger,82.3808,-141.1927,-0.27,93,100,3.03,1691255464
1197,aasiaat,74.6492,-54.3763,-0.53,91,100,4.61,1691255464
1198,waitangi,-38.5219,-168.372,11.29,60,85,11.81,1691255465
1199,dunedin,-52.1787,176.8682,6.78,79,100,4.76,1691255465
1200,klyuchi,59.0637,169.6187,10.71,88,99,7.62,1691255465
1201,tostado,-28.7949,-61.7684,25.54,40,0,4.46,1691255465
1202,nova sintra,13.5795,-36.5866,27.3,80,29,5.21,1691255465
1203,west island,-30.3823,87.0872,17.11,70,48,6.57,1691255465
1204,tazacorte,26.3555,-21.9862,23.69,82,16,8.13,1691255466
1205,rabigh,22.2839,39.0317,31.73,63,100,2.68,1691255467
1206,tiksi,81.2908,121.1534,0.04,94,100,4.71,1691255467
1207,taiohae,2.3106,-128.5704,26.43,77,100,5.92,1691255467
1208,barcelona,10.3349,-65.291,27.71,77,4,6.11,1691255467
1209,kingsland,30.8351,-98.6422,37.15,26,0,4.63,1691255467
1210,bamboo flat,8.5316,87.9862,28.05,83,82,8.89,1691255467
1211,tomatlan,17.0434,-110.3021,28.44,74,67,2.93,1691255468
1212,aginskoye,54.4356,95.7537,9.49,98,96,1.2,1691255468
1213,haiku-pauwela,37.7361,-145.1189,21.55,65,20,1.75,1691255468
1214,yellowknife,76.8252,-125.7983,-0.26,94,93,5.13,1691255468
1215,manismata,-1.8205,109.6039,27.45,82,12,8.52,1691255468
1216,port-aux-francais,-71.5978,74.5138,-45.05,77,61,6.95,1691255468
1217,taltal,-25.4146,-70.1086,24.65,22,2,4.01,1691255468
1218,enewetak,27.0316,162.7431,26.81,71,52,5.28,1691255469
1219,papatowai,-79.9752,177.5937,-45.85,98,45,2.79,1691255469
1220,atafu village,-4.0068,-171.3491,28.27,70,67,5.45,1691255469
1221,yellowknife,70.0207,-109.7407,10.71,67,100,2.5,1691255469
1222,olinda,-10.3514,-26.0609,25.2,70,0,4.84,1691255469
1223,qarazhal,48.6348,70.5119,26.16,36,94,5.21,1691255469
1224,port mathurin,-32.6286,65.1394,16.36,72,1,9.73,1691255469
1225,ushuaia,-89.312,-56.3414,-39.2,100,100,4.35,1691255470
1226,lihue,20.8252,-171.7885,26.29,74,26,9.18,1691255470
1227,slave lake,56.5309,-114.9571,21.35,44,0,1.87,1691255470
1228,majie,25.4054,102.3578,16.41,94,100,0.17,1691255470
1229,hithadhoo,-9.8796,68.1128,25.75,80,28,9.58,1691255470
1230,queenstown,-37.6516,163.3782,13.66,75,100,5.1,1691255470
1231,sakaiminato,37.6514,133.7208,28.52,83,48,3.67,1691255471
1232,baoro,5.4579,16.8921,22.93,87,100,1.25,1691255471
1233,minas de marcona,-18.5494,-76.7425,16.95,73,100,3.32,1691255471
1234,papatowai,-54.352,169.9212,6.51,85,100,15.32,1691255471
1235,blackmans bay,-78.2885,150.7481,-47.45,93,12,9.03,1691255471
1236,port-aux-francais,-67.9214,63.9922,-40.95,51,0,4.43,1691255471
1237,chulakkurgan,45.2568,68.867,31.0,23,47,5.44,1691255472
1238,yellowknife,73.8949,-100.2728,1.75,84,99,3.88,1691255472
1239,edinburgh of the seven seas,-57.1907,-11.4844,-1.09,75,100,9.72,1691255472
1240,edinburgh of the seven seas,-44.9273,-13.6443,8.48,84,98,21.56,1691255472
1241,grytviken,-80.3487,-2.3762,-43.15,87,31,8.08,1691255472
1242,constantia,-36.3661,12.1182,14.96,90,77,9.78,1691255472
1243,zhezqazghan,46.0355,68.0123,31.32,22,99,2.59,1691255473
1244,moratalla,38.216,-1.9968,31.25,12,4,4.1,1691255473
1245,tazovsky,69.547,78.3894,16.5,47,9,3.34,1691255473
1246,guiping,23.5663,109.6784,26.41,89,100,2.52,1691255473
1247,san juan,20.0462,-65.7594,28.86,79,0,8.73,1691255473
1248,papayal,-4.0064,-80.7449,30.36,41,25,3.76,1691255473
1249,puerto ayora,-5.2902,-104.3856,25.09,77,39,7.94,1691255474
1250,kolonia,6.5126,158.8341,28.08,78,51,3.05,1691255474
1251,kuloy,60.7664,42.3476,18.61,80,35,2.14,1691255474
1252,adamstown,-39.3263,-142.5388,10.13,73,87,6.96,1691255474
1253,adamstown,-49.5596,-117.0017,5.06,77,78,10.71,1691255474
1254,olonkinbyen,70.5309,0.5349,7.34,84,100,9.22,1691255474
1255,taiohae,1.7653,-140.7568,26.35,78,89,5.56,1691255474
1256,klyuchi,50.2009,167.1628,10.65,93,99,5.99,1691255475
1257,holualoa,6.9074,-156.1601,27.5,78,78,4.24,1691255475
1258,adamstown,-55.1011,-125.1091,3.27,75,100,9.58,1691255475
1259,bethel,49.1919,-173.8624,11.93,98,100,12.8,1691255475
1260,wailua homesteads,25.583,-166.4765,24.82,77,3,7.3,1691255475
1261,port-aux-francais,-79.3991,93.6939,-70.91,100,100,2.48,1691255475
1262,olonkinbyen,82.1635,-0.6793,0.6,91,100,10.48,1691255475
1263,suntar,61.9162,118.9116,14.6,59,80,2.25,1691255476
1264,gorom-gorom,14.4838,-0.6917,36.09,34,84,4.6,1691255476
1265,okunoya,36.1897,140.4589,27.21,78,1,3.21,1691255476
1266,arno,8.4384,179.5827,27.85,80,100,8.6,1691255476
1267,kodinsk,59.7756,100.5573,8.49,90,100,1.48,1691255476
1268,adamstown,-47.5161,-124.4141,6.0,79,96,5.23,1691255476
1269,grytviken,-66.5963,-10.8856,-21.25,100,100,7.95,1691255477
1270,adamstown,-47.8729,-125.4205,5.43,80,94,5.15,1691255477
1271,bethel,89.9105,-176.4594,-1.0,91,14,3.72,1691255477
1272,papatowai,-82.6886,173.7746,-25.16,97,100,2.82,1691255477
1273,madimba,-9.775,42.0745,25.09,79,70,7.03,1691255477
1274,nouadhibou,18.8632,-18.4726,24.38,79,7,7.9,1691255477
1275,jamestown,-22.0038,-0.2636,17.74,60,17,3.39,1691255478
1276,yabelo,4.5512,38.0483,21.1,56,82,6.32,1691255478
1277,whyalla norrie,-33.4316,137.5559,10.56,73,2,5.2,1691255478
1278,tofol,6.6664,164.6827,28.53,73,64,4.13,1691255478
1279,stanley,-46.2884,-50.5989,7.53,61,100,12.89,1691255479
1280,cidreira,-39.1351,-42.7429,10.86,61,85,14.17,1691255479
1281,waitangi,-72.8836,-167.0888,-27.37,100,99,2.9,1691255479
1282,west island,-22.2119,97.146,20.1,71,100,8.53,1691255479
1283,puerto san carlos,23.8251,-113.6044,24.32,76,60,4.45,1691255479
1284,pitimbu,-8.1031,-25.9007,25.61,72,6,5.48,1691255479
1285,ushuaia,-57.2924,-71.4457,0.69,99,100,7.35,1691255480
1286,grytviken,-81.3563,-38.3174,-19.8,95,100,2.92,1691255480
1287,barra de santo antonio,-12.167,-31.8316,24.83,78,7,4.19,1691255480
1288,blackmans bay,-82.9174,138.514,-49.79,92,91,6.24,1691255480
1289,afaahiti,-22.3578,-140.1746,23.27,87,10,6.86,1691255480
1290,grytviken,-82.8873,-47.843,-23.67,99,100,0.89,1691255481
1291,tiksi,79.5928,125.5781,0.27,86,100,5.81,1691255481
1292,praia da vitoria,50.8175,-22.7817,15.38,78,99,4.66,1691255481
1293,amarante do maranhao,-5.4427,-46.3521,35.96,30,19,1.54,1691255481
1294,vila franca do campo,41.2276,-20.0976,21.49,82,42,4.63,1691255481
1295,calama,-23.9732,-68.1395,17.19,9,0,3.93,1691255481
1296,waitangi,-60.6212,-164.6268,-0.11,66,16,4.79,1691255482
1297,adamstown,-36.6183,-128.1953,12.2,62,90,2.84,1691255482
1298,papatowai,-88.4016,164.1314,-48.28,100,100,5.24,1691255482
1299,n'zeto,-7.2997,13.901,27.65,39,1,4.75,1691255482
1300,enewetak,15.6344,162.9406,28.34,76,91,6.29,1691255482
1301,klyuchi,61.1964,163.0489,10.28,83,99,7.77,1691255482
1302,kerikeri,-32.6691,171.8703,14.98,70,100,4.2,1691255482
1303,auki,-4.9538,162.6617,28.28,74,43,4.05,1691255483
1304,chonchi,-46.7518,-89.916,6.4,77,100,9.68,1691255483
1305,puerto ayora,-0.1332,-105.3054,24.86,86,76,6.32,1691255483
1306,puerto natales,-60.7931,-85.9882,-6.18,64,100,12.29,1691255483
1307,iskateley,82.3478,54.3098,1.34,99,100,4.73,1691255483
1308,longyearbyen,76.5692,18.2744,5.19,99,100,1.68,1691255484
1309,adamstown,-42.3844,-127.5863,7.8,64,42,3.59,1691255484
1310,whitehorse,76.9092,-134.5665,-0.46,94,100,7.89,1691255484
1311,lluta,-15.5532,-71.6901,2.11,52,9,1.9,1691255484
1312,ushuaia,-71.7165,-79.8239,-18.08,98,100,5.13,1691255484
1313,grytviken,-71.1872,-25.208,-35.16,100,60,2.62,1691255484
1314,waitangi,-53.5909,-166.6454,3.38,62,70,9.41,1691255485
1315,longyearbyen,84.7852,3.4434,0.64,85,100,9.86,1691255485
1316,port-aux-francais,-87.9661,67.603,-44.12,96,100,9.45,1691255485
1317,coron,11.3463,120.1984,28.52,73,10,4.37,1691255485
1318,sinazongwe,-16.7755,27.5875,16.33,50,0,1.12,1691255485
1319,sorong,-0.4086,129.6788,27.49,77,99,9.26,1691255485
1320,udachny,87.6538,108.0124,-0.93,87,33,2.0,1691255485
1321,richards bay,-32.374,38.4564,17.84,81,98,8.29,1691255486
1322,bredasdorp,-61.9181,24.9144,-0.64,83,100,16.16,1691255486
1323,port lincoln,-40.0877,132.5287,11.56,82,100,6.46,1691255486
1324,ville platte,30.9755,-92.3675,36.97,36,0,3.31,1691255486
1325,satsuma,31.6323,-88.2761,36.79,38,5,2.28,1691255486
1326,dabeiba,6.8022,-76.5584,27.25,69,83,1.79,1691255486
1327,kodiak,53.5673,-151.5031,13.26,89,76,2.57,1691255487
1328,adamstown,-50.2992,-131.8066,4.41,62,98,1.96,1691255487
1329,lebu,-29.393,-96.911,15.84,64,91,4.48,1691255487
1330,bethel,64.8531,-172.1885,8.34,89,100,14.07,1691255487
1331,aasiaat,72.3624,-57.8953,4.16,83,98,6.08,1691255487
1332,hithadhoo,-11.5738,81.8949,24.81,79,93,9.03,1691255487
1333,howrah,-43.7008,151.1699,12.23,82,89,11.21,1691255488
1334,yerofey pavlovich,53.8948,121.5437,12.4,62,91,1.22,1691255488
1335,saint-philippe,-35.2926,62.3824,13.81,67,4,7.63,1691255488
1336,caleta de carquin,-15.1832,-85.7312,19.17,74,99,6.33,1691255488
1337,kachug,54.4907,105.9077,11.47,97,100,0.8,1691255488
1338,kopychyntsi,49.0761,26.0118,27.97,49,0,4.05,1691255489
1339,necochea,-41.1551,-56.879,6.96,84,100,7.51,1691255489
1340,luganville,-13.9334,163.8841,25.17,73,81,8.41,1691255489
1341,kuanda,58.3285,117.8351,16.52,62,75,0.87,1691255489
1342,taiohae,4.2905,-122.4641,26.74,74,100,7.01,1691255489
1343,tralee,48.4212,-15.88,16.77,74,83,6.1,1691255489
1344,yuzhno-kurilsk,47.8111,151.6765,10.18,97,100,2.65,1691255490
1345,peniche,40.1567,-14.8454,20.87,83,58,8.4,1691255490
1346,puerto princesa,9.0618,119.2775,28.38,78,5,2.88,1691255490
1347,edinburgh of the seven seas,-42.595,2.068,8.79,72,9,9.85,1691255490
1348,kodiak,53.3185,-148.448,12.76,95,69,3.39,1691255490
1349,iqaluit,71.2868,-68.1141,2.63,90,99,8.21,1691255490
1350,iqaluit,71.3322,-81.3429,11.78,57,80,6.23,1691255490
1351,tralee,50.6389,-11.8092,15.7,88,4,8.5,1691255491
1352,isafjordur,71.2795,-27.6228,4.05,67,59,0.42,1691255491
1353,grytviken,-53.9955,-39.9983,-3.96,73,100,16.46,1691255491
1354,edinburgh of the seven seas,-76.8477,1.2793,-46.31,99,55,5.96,1691255491
1355,port-aux-francais,-47.0007,78.8671,3.34,70,100,12.2,1691255491
1356,robore,-19.7293,-61.2008,36.32,17,4,5.93,1691255491
1357,pisco,-21.5216,-86.5031,18.33,74,5,3.29,1691255492
1358,vilyuchinsk,37.7984,163.3721,25.38,85,37,5.94,1691255492
1359,margaret river,-52.2387,97.814,-0.07,67,87,6.84,1691255492
1360,edinburgh of the seven seas,-74.9666,-3.2437,-45.58,100,34,4.25,1691255492
1361,kapuskasing,50.8233,-85.7512,25.53,37,14,2.41,1691255492
1362,grytviken,-84.6214,-29.7848,-31.05,97,100,11.13,1691255492
1363,kapuskasing,53.2671,-82.0429,8.22,86,2,3.17,1691255493
1364,puerto natales,-85.5841,-112.3483,-43.57,100,100,1.23,1691255493
1365,port-aux-francais,-48.7568,66.9705,2.85,75,100,12.27,1691255493
1366,olds,51.9699,-114.1723,20.08,69,18,2.33,1691255493
1367,ghat,26.315,10.0089,41.66,6,0,4.92,1691255493
1368,grytviken,-80.7482,-10.4733,-37.04,94,39,9.51,1691255493
1369,ust-nera,73.4198,140.3994,-0.71,88,8,4.79,1691255494
1370,port elizabeth,-34.5924,25.4207,20.45,74,10,6.87,1691255494
1371,port-aux-francais,-56.0069,95.3878,-3.77,48,100,3.87,1691255494
1372,blackmans bay,-76.4065,134.82,-47.0,82,62,7.43,1691255494
1373,hadibu,11.6665,61.7903,26.15,83,36,10.85,1691255494
1374,puerto ayora,-11.8847,-104.5762,23.35,75,100,6.61,1691255494
1375,tiksi,85.1032,135.5404,-0.43,86,98,3.98,1691255494
1376,touros,-2.0238,-32.6809,25.86,77,97,7.22,1691255495
1377,extrema,-8.4423,-65.6615,38.43,23,29,1.57,1691255495
1378,gadzhiyevo,85.5507,39.8065,0.28,98,100,7.1,1691255495
1379,kirgiz-miyaki,53.4615,54.5664,22.25,52,44,1.56,1691255495
1380,talnakh,81.3104,95.9909,0.34,98,95,7.98,1691255496
1381,cargados carajos,-11.7242,63.4021,24.95,80,71,10.41,1691255496
1382,vorgashor,81.2366,63.9174,1.75,100,95,2.54,1691255496
1383,edinburgh of the seven seas,-58.8114,-2.5058,-1.96,97,100,2.8,1691255496
1384,utrik,14.3999,173.4134,27.79,70,97,8.56,1691255496
1385,port douglas,-13.5582,147.917,24.27,62,96,9.47,1691255496
1386,port-aux-francais,-42.8909,54.3455,7.25,87,97,4.65,1691255496
1387,avarua,-34.4755,-151.3571,14.43,66,15,9.52,1691255496
1388,edinburgh of the seven seas,-38.5493,-11.427,12.68,80,41,15.3,1691255497
1389,tchibanga,-3.3751,10.9234,22.26,77,38,3.02,1691255497
1390,puerto natales,-66.0557,-111.8396,-8.55,95,100,8.56,1691255497
1391,afaahiti,-31.0896,-148.9069,16.08,71,19,12.3,1691255497
1392,port-aux-francais,-63.3673,53.9512,-6.07,96,100,4.83,1691255497
1393,grytviken,-68.8609,-41.4311,-31.31,100,95,2.75,1691255497
1394,susuman,64.064,147.9381,4.8,80,22,0.49,1691255497
1395,taiohae,1.3655,-128.3175,26.13,80,87,5.32,1691255498
1396,hawaiian paradise park,24.9365,-148.7434,23.01,74,70,4.1,1691255498
1397,albany,-73.382,116.2097,-44.75,100,100,4.78,1691255498
1398,port-aux-francais,-39.7142,82.4124,10.76,77,54,11.71,1691255498
1399,dolores,-36.0473,-57.5283,14.79,47,3,4.33,1691255498
1400,bilibino,85.2452,169.9096,-0.8,97,100,2.2,1691255498
1401,utrik,27.676,177.1141,26.34,79,100,6.37,1691255498
1402,richards bay,-31.4072,35.7307,18.96,85,82,7.09,1691255498
1403,edinburgh of the seven seas,-42.4859,3.1963,8.57,75,10,10.62,1691255499
1404,hawaiian paradise park,23.8266,-143.6343,23.33,72,88,6.26,1691255499
1405,lodwar,3.1513,36.8013,31.28,29,52,6.53,1691255499
1406,bel ombre,-2.8047,52.8633,25.68,83,24,8.56,1691255499
1407,dudinka,87.3464,83.0624,-0.53,88,80,3.42,1691255499
1408,yellowknife,72.5498,-117.04,7.49,69,100,1.54,1691255499
1409,vingt cinq,-11.5283,53.9321,24.53,82,56,11.34,1691255499
1410,abengourou,6.562,-3.5443,26.17,82,95,2.07,1691255499
1411,taiohae,0.2164,-125.2645,26.02,77,86,8.05,1691255500
1412,west island,-23.567,98.8914,19.13,67,45,7.58,1691255500
1413,port mathurin,-27.826,75.2354,18.31,65,18,6.48,1691255500
1414,adamstown,-46.9597,-128.6895,6.48,84,98,6.81,1691255500
1415,yola,8.9223,12.4557,21.7,88,100,2.25,1691255500
1416,newman,-26.0823,125.2037,15.21,58,0,5.28,1691255500
1417,dudinka,84.1526,78.5931,0.48,99,100,3.33,1691255501
1418,ushuaia,-53.6886,-69.3275,2.22,96,100,10.11,1691255501
1419,puerto natales,-87.1832,-104.7289,-48.23,100,100,3.04,1691255501
1420,san rafael,-34.1135,-69.3747,5.2,46,0,2.16,1691255501
1421,yellowknife,76.4437,-119.616,3.69,71,99,5.1,1691255501
1422,east ballina,-29.0767,156.0577,18.13,63,12,5.79,1691255501
1423,port-aux-francais,-35.3257,86.3664,14.21,84,10,11.39,1691255501
1424,argo,22.0969,28.0677,38.32,17,35,2.58,1691255502
1425,wailua homesteads,29.6076,-163.0688,24.51,76,4,6.04,1691255502
1426,petropavlovsk-kamchatsky,49.1908,162.6809,10.66,92,93,5.2,1691255502
1427,nantucket,40.5831,-70.2872,22.67,85,0,2.69,1691255502
1428,lompoc,26.2767,-127.536,20.23,88,3,8.27,1691255502
1429,puerto natales,-64.3217,-110.2647,-3.49,77,70,7.11,1691255502
1430,port-aux-francais,-40.8641,70.3202,9.24,63,96,12.65,1691255503
1431,keflavik,58.0214,-31.9115,11.42,86,87,10.82,1691255503
1432,uray,60.0801,63.818,19.22,92,54,1.96,1691255503
1433,gangolli,13.4246,73.862,27.17,82,84,7.0,1691255503
1434,taiohae,-4.1303,-150.2895,27.05,75,21,7.62,1691255503
1435,adamstown,-37.445,-114.9924,11.56,73,41,6.8,1691255503
1436,hayma',19.9144,54.6989,41.13,20,7,5.31,1691255503
1437,port-aux-francais,-61.9628,79.5992,-22.56,95,60,3.89,1691255504
1438,prince george,54.9762,-123.2223,21.86,41,40,0.45,1691255504
1439,port-gentil,-1.7497,9.1609,22.54,83,74,5.72,1691255504
1440,blackmans bay,-55.8292,141.0501,1.48,88,47,7.41,1691255504
1441,tlaltizapan,18.6864,-99.0407,26.63,60,99,1.29,1691255504
1442,hamilton,30.7801,-55.8249,27.34,81,14,4.75,1691255504
1443,glace bay,46.0177,-58.1105,18.78,68,62,8.35,1691255504
1444,waitangi,-70.7243,-163.4753,-4.26,94,100,9.47,1691255504
1445,papatowai,-75.6999,175.6306,-38.58,100,100,2.81,1691255505
1446,bredasdorp,-86.6297,24.2616,-43.56,97,100,10.26,1691255505
1447,ketchikan,56.4854,-129.7501,19.52,54,100,0.78,1691255505
1448,grytviken,-80.4749,-19.1581,-27.23,73,75,11.31,1691255505
1449,ribeira grande,22.9047,-33.092,25.77,75,100,7.43,1691255505
1450,waitangi,-42.4299,-164.4348,9.33,75,100,4.67,1691255505
1451,lihue,20.2821,-174.3276,26.34,75,61,8.75,1691255505
1452,saipan,18.8084,149.5919,28.64,77,100,4.01,1691255505
1453,la ronge,60.1612,-104.4253,17.06,67,45,4.46,1691255506
1454,blackmans bay,-74.7323,148.9934,-39.93,91,25,6.77,1691255506
1455,whitehorse,78.2028,-128.8272,0.4,91,97,7.42,1691255506
1456,vingt cinq,-9.9962,54.6504,24.84,79,78,10.17,1691255506
1457,georgetown,-14.726,-22.3523,23.33,68,35,7.55,1691255506
1458,adamstown,-47.5539,-121.6397,5.36,72,48,8.74,1691255506
1459,seaside,45.6274,-124.6949,18.32,94,99,6.37,1691255506
1460,adamstown,-78.6918,-128.1856,-35.5,99,100,4.36,1691255507
1461,constantia,-39.4814,6.0212,11.27,70,3,11.93,1691255507
1462,anadyr,54.2563,172.5036,9.93,92,87,10.51,1691255507
1463,itoman,20.4785,131.8994,28.07,88,100,10.51,1691255507
1464,grytviken,-74.8557,-32.3629,-27.02,93,90,3.76,1691255507
1465,edinburgh of the seven seas,-34.1497,-20.0491,15.98,77,57,16.61,1691255507
1466,eastham,41.9839,-68.5287,20.57,92,2,3.58,1691255507
1467,mount gambier,-57.8301,128.245,2.44,90,100,15.8,1691255507
1468,gadzhiyevo,86.5998,41.4688,-0.8,97,100,7.87,1691255508
1469,khandyga,67.771,134.3853,5.85,92,41,2.8,1691255508
1470,shiguai,41.1353,110.2893,22.49,52,21,3.13,1691255508
1471,port lincoln,-42.9657,133.2472,10.55,86,100,8.59,1691255508
1472,newman,-29.1575,124.2884,11.14,63,12,4.13,1691255508
1473,remire-montjoly,8.3286,-44.4653,28.08,74,54,4.03,1691255508
1474,taiohae,-11.2943,-144.9751,26.13,70,12,6.41,1691255508
1475,talcahuano,-34.3967,-77.2476,12.28,73,68,2.32,1691255509
1476,iqaluit,89.9947,-87.2589,-0.96,91,14,3.68,1691255509
1477,ribeira grande,18.9912,-37.3773,26.49,84,100,8.39,1691255509
1478,port-aux-francais,-88.5256,85.595,-42.33,95,100,9.73,1691255509
1479,gebeit,20.6913,35.8656,34.03,37,85,7.08,1691255509
1480,ilulissat,70.313,-51.0103,6.91,48,12,1.35,1691255509
1481,cidreira,-39.5342,-39.0844,9.05,64,98,19.62,1691255509
1482,bethel,57.2317,-159.7179,11.43,86,100,14.26,1691255509
1483,ialibu,-6.5565,144.3102,16.94,100,100,0.73,1691255510
1484,fort bragg,32.8319,-139.2501,22.24,79,70,5.42,1691255510
1485,bonthe,6.2561,-14.3539,26.18,84,84,8.34,1691255510
1486,albany,-62.4803,108.887,-25.08,100,100,8.32,1691255510
1487,thompson,61.3617,-88.3705,9.55,85,74,4.47,1691255510
1488,yellowknife,67.301,-124.1562,17.09,54,20,0.75,1691255510
1489,waitangi,-82.6234,-166.7264,-37.26,100,84,4.36,1691255510
1490,ndibene dahra,14.9368,-15.2412,37.21,37,72,2.7,1691255511
1491,olonkinbyen,89.0191,-11.082,-0.27,87,13,3.28,1691255511
1492,laguna de perlas,12.7533,-83.8201,29.61,71,10,2.89,1691255511
1493,college,83.2108,-151.9097,-0.85,84,100,3.32,1691255511
1494,kayenta,37.4947,-110.7458,31.83,15,0,0.94,1691255511
1495,umatac village,13.0583,140.8268,28.32,76,100,4.64,1691255511
1496,gebeit,20.9493,35.3418,31.25,45,84,11.13,1691255511
1497,iqaluit,65.425,-80.489,4.41,86,97,4.34,1691255511
1498,barguzin,53.9656,109.3533,14.34,93,100,1.43,1691255512
1499,chiredzi,-21.7497,31.8866,19.43,52,69,2.28,1691255512
